-- ============================================================
-- DépanPro – Données de configuration minimale (seed)
-- Généré le 2026-03-18
-- ============================================================
-- IMPORTANT : Exécuter APRÈS les migrations de schéma.
-- Le mot de passe admin par défaut est : Admin@2026!
-- (hash bcrypt ci-dessous, à changer après première connexion)
-- ============================================================

BEGIN;

-- ──────────────────────────────────────────────
-- 1. UTILISATEUR ADMIN
-- ──────────────────────────────────────────────
INSERT INTO public.users (id, email, password_hash, first_name, last_name, phone, role, is_active, is_company, must_change_password)
VALUES (
  '00000000-0000-0000-0000-000000000001',
  'admin@depanpro.fr',
  '$2a$10$N9qo8uLOickgx2ZMRZoMyeIjZAgcfl7p92ldGxad68LJZdL17lhWy', -- Admin@2026!
  'Super',
  'Admin',
  '+33 1 00 00 00 00',
  'admin',
  true,
  false,
  true
)
ON CONFLICT (id) DO NOTHING;

-- Rôle RBAC associé
INSERT INTO public.user_roles (user_id, role)
VALUES ('00000000-0000-0000-0000-000000000001', 'admin')
ON CONFLICT (user_id, role) DO NOTHING;

-- ──────────────────────────────────────────────
-- 2. SERVICES (catégories d'intervention)
-- ──────────────────────────────────────────────
INSERT INTO public.services (id, code, name, description, icon, is_active, display_order, default_priority, displacement_price, security_price, vat_rate_individual, vat_rate_professional, target_arrival_time_minutes) VALUES
  ('10000000-0000-0000-0000-000000000001', 'plumbing',    'Plomberie',         'Fuites, canalisations, robinetterie, chauffe-eau',          'Droplets',    true, 1, 'normal', 49.00, 39.00, 10.0, 20.0, 30),
  ('10000000-0000-0000-0000-000000000002', 'electricity', 'Électricité',       'Pannes électriques, tableaux, prises, éclairage',           'Zap',         true, 2, 'normal', 49.00, 39.00, 10.0, 20.0, 30),
  ('10000000-0000-0000-0000-000000000003', 'heating',     'Chauffage',         'Chaudières, radiateurs, pompes à chaleur',                  'Flame',       true, 3, 'normal', 59.00, 49.00, 10.0, 20.0, 45),
  ('10000000-0000-0000-0000-000000000004', 'locksmith',   'Serrurerie',        'Ouverture de porte, changement de serrure, blindage',       'KeyRound',    true, 4, 'urgent', 69.00, 49.00, 10.0, 20.0, 20),
  ('10000000-0000-0000-0000-000000000005', 'glazing',     'Vitrerie',          'Remplacement de vitres, double vitrage, miroirs',            'PanelTop',    true, 5, 'normal', 59.00, 39.00, 10.0, 20.0, 45),
  ('10000000-0000-0000-0000-000000000006', 'aircon',      'Climatisation',     'Installation, entretien et réparation de climatisation',     'Wind',        true, 6, 'normal', 59.00, 49.00, 10.0, 20.0, 60),
  ('10000000-0000-0000-0000-000000000007', 'other',       'Autre dépannage',   'Demandes spéciales et multi-corps de métier',                'Wrench',      true, 7, 'normal', 49.00, 39.00, 10.0, 20.0, 45)
ON CONFLICT (id) DO NOTHING;

-- ──────────────────────────────────────────────
-- 3. SITE_SETTINGS (paramètres globaux)
-- ──────────────────────────────────────────────
INSERT INTO public.site_settings (setting_key, setting_value, description) VALUES
  ('phone_number',                '0 800 123 456',  'Numéro de téléphone affiché sur le site (header, footer, contact)'),
  ('priority_multiplier_enabled', 'true',           'Active/désactive le système de multiplicateurs de priorité')
ON CONFLICT (setting_key) DO NOTHING;

-- ──────────────────────────────────────────────
-- 4. MULTIPLICATEURS DE PRIORITÉ
-- ──────────────────────────────────────────────
INSERT INTO public.priority_multipliers (id, priority, label, multiplier, display_order, is_enabled) VALUES
  ('20000000-0000-0000-0000-000000000001', 'low',    'Basse – Planifiable',          0.9, 1, true),
  ('20000000-0000-0000-0000-000000000002', 'normal', 'Normale – Standard',           1.0, 2, true),
  ('20000000-0000-0000-0000-000000000003', 'high',   'Haute – Rapide',               1.3, 3, true),
  ('20000000-0000-0000-0000-000000000004', 'urgent', 'Urgente – Intervention immédiate', 1.8, 4, true)
ON CONFLICT (id) DO NOTHING;

-- ──────────────────────────────────────────────
-- 5. CONFIGURATION ALGORITHME DE DISPATCH
-- ──────────────────────────────────────────────
INSERT INTO public.dispatch_algorithm_config (id, weight_proximity, weight_skills, weight_workload, weight_rating, is_active, created_by)
VALUES (
  '30000000-0000-0000-0000-000000000001',
  40, 30, 20, 10,
  true,
  '00000000-0000-0000-0000-000000000001'
)
ON CONFLICT (id) DO NOTHING;

-- ──────────────────────────────────────────────
-- 6. COMMISSION PAR DÉFAUT
-- ──────────────────────────────────────────────
INSERT INTO public.commission_settings (id, partner_id, commission_rate, effective_from)
VALUES (
  '40000000-0000-0000-0000-000000000001',
  NULL,           -- commission globale (pas liée à un partenaire spécifique)
  15.00,
  CURRENT_DATE
)
ON CONFLICT (id) DO NOTHING;

-- ──────────────────────────────────────────────
-- 7. PARAMÈTRES DE NOTIFICATIONS
-- ──────────────────────────────────────────────
-- Chaque event_type × channel = 1 ligne
INSERT INTO public.notification_settings (event_type, channel, is_enabled, description, applicable_roles) VALUES
  -- Dispatch / Assignation
  ('dispatch_assignment',   'push',  true,  'Notification push lors d''un dispatch',           '{technician}'),
  ('dispatch_assignment',   'sms',   true,  'SMS lors d''un dispatch',                          '{technician}'),
  ('dispatch_assignment',   'email', true,  'Email lors d''un dispatch',                        '{technician}'),
  -- Changement de statut
  ('status_change',         'push',  true,  'Notification push changement de statut',           '{client,technician}'),
  ('status_change',         'sms',   false, 'SMS changement de statut',                         '{client}'),
  ('status_change',         'email', true,  'Email changement de statut',                       '{client,technician,admin}'),
  -- Nouvelle intervention
  ('new_intervention',      'push',  true,  'Notification push nouvelle intervention',          '{admin,manager}'),
  ('new_intervention',      'email', true,  'Email nouvelle intervention',                      '{admin,manager}'),
  -- Modification de devis
  ('quote_modification',    'push',  true,  'Notification push modification de devis',          '{client}'),
  ('quote_modification',    'sms',   true,  'SMS modification de devis',                        '{client}'),
  ('quote_modification',    'email', true,  'Email modification de devis',                      '{client}'),
  -- Nouveau message
  ('new_message',           'push',  true,  'Notification push nouveau message',                '{client,technician}'),
  -- Paiement requis
  ('payment_required',      'push',  true,  'Notification push paiement requis',                '{client}'),
  ('payment_required',      'sms',   true,  'SMS paiement requis',                              '{client}'),
  ('payment_required',      'email', true,  'Email paiement requis',                            '{client}'),
  -- Paiement autorisé
  ('payment_authorized',    'push',  true,  'Notification push paiement autorisé',              '{technician}'),
  ('payment_authorized',    'email', true,  'Email paiement autorisé',                          '{technician,admin}'),
  -- Rappel d'arrivée
  ('arrival_reminder',      'push',  true,  'Notification push rappel d''arrivée',              '{client}'),
  ('arrival_reminder',      'sms',   true,  'SMS rappel d''arrivée',                            '{client}'),
  -- Versement technicien
  ('payout_notification',   'email', true,  'Email de notification de versement',               '{technician}'),
  ('payout_notification',   'push',  true,  'Notification push de versement',                   '{technician}'),
  -- Annulation client
  ('client_cancellation',   'push',  true,  'Notification push annulation client',              '{technician,admin}'),
  ('client_cancellation',   'email', true,  'Email annulation client',                          '{technician,admin}'),
  -- Acceptation technicien
  ('technician_accepted',   'email', true,  'Email acceptation candidature technicien',         '{technician}'),
  ('technician_accepted',   'push',  true,  'Notification push acceptation technicien',         '{technician}'),
  -- Refus technicien
  ('technician_rejected',   'email', true,  'Email refus candidature technicien',               '{technician}'),
  ('technician_rejected',   'push',  true,  'Notification push refus technicien',               '{technician}')
ON CONFLICT DO NOTHING;

COMMIT;

-- ============================================================
-- Résumé des données insérées :
-- ✅ 1 utilisateur admin (admin@depanpro.fr / Admin@2026!)
-- ✅ 1 rôle RBAC admin
-- ✅ 7 services (plomberie → autre)
-- ✅ 2 paramètres site (téléphone, multiplicateurs)
-- ✅ 4 multiplicateurs de priorité
-- ✅ 1 config dispatch (poids par défaut)
-- ✅ 1 commission globale (15%)
-- ✅ 27 paramètres de notifications (12 event types × canaux)
-- ============================================================

-- ──────────────────────────────────────────────
-- 8. UTILISATEURS SUPPLÉMENTAIRES
-- ──────────────────────────────────────────────
-- Mot de passe par défaut : Client@2026! (même hash bcrypt)

INSERT INTO public.users (id, email, password_hash, first_name, last_name, phone, role, is_active, is_company, must_change_password)
VALUES
  ('00000000-0000-0000-0000-000000000002', 'pkarlenoch@gmail.com',      '$2a$10$N9qo8uLOickgx2ZMRZoMyeIjZAgcfl7p92ldGxad68LJZdL17lhWy', 'Pierre', 'Karlenoch', NULL, 'client',     true, false, true),
  ('00000000-0000-0000-0000-000000000003', 'amgcheckertest@gmail.com',  '$2a$10$N9qo8uLOickgx2ZMRZoMyeIjZAgcfl7p92ldGxad68LJZdL17lhWy', 'AMG',    'Checker',   NULL, 'technician', true, false, true)
ON CONFLICT (id) DO NOTHING;

-- Rôles RBAC
INSERT INTO public.user_roles (user_id, role) VALUES
  ('00000000-0000-0000-0000-000000000002', 'client'),
  ('00000000-0000-0000-0000-000000000003', 'technician')
ON CONFLICT (user_id, role) DO NOTHING;

-- ──────────────────────────────────────────────
-- 9. UTILISATEUR MANAGER
-- ──────────────────────────────────────────────
INSERT INTO public.users (id, email, password_hash, first_name, last_name, phone, role, is_active, is_company, must_change_password)
VALUES (
  '00000000-0000-0000-0000-000000000004',
  'manager@depanpro.fr',
  '$2a$10$N9qo8uLOickgx2ZMRZoMyeIjZAgcfl7p92ldGxad68LJZdL17lhWy', -- Admin@2026!
  'Lucas',
  'Martin',
  '+33 6 12 34 56 78',
  'manager',
  true,
  false,
  true
)
ON CONFLICT (id) DO NOTHING;

INSERT INTO public.user_roles (user_id, role) VALUES
  ('00000000-0000-0000-0000-000000000004', 'manager')
ON CONFLICT (user_id, role) DO NOTHING;

-- ──────────────────────────────────────────────
-- 10. QUESTIONNAIRE – RÉSULTATS (67)
-- ──────────────────────────────────────────────
INSERT INTO public.questionnaire_resultats (id, domaine_code, slug, nom, description, prix_min, prix_max, unite_prix, duree_min_minutes, duree_max_minutes, urgence_disponible, garantie_jours, display_order) VALUES ('a0000000-0000-0000-0000-000000000001', 'plumbing', 'debouchage-wc', 'Débouchage WC', 'Intervention avec furet ou pression selon l''obstruction.', 100, 200, 'TTC_forfait', 30, 90, true, 1, 1) ON CONFLICT (id) DO NOTHING;
INSERT INTO public.questionnaire_resultats (id, domaine_code, slug, nom, description, prix_min, prix_max, unite_prix, duree_min_minutes, duree_max_minutes, urgence_disponible, garantie_jours, display_order) VALUES ('a0000000-0000-0000-0000-000000000002', 'plumbing', 'fuite-wc-joint-de-cuvette', 'Fuite WC / joint de cuvette', 'Remplacement joint ou flexible de raccordement.', 80, 150, 'TTC_forfait', 30, 60, true, 365, 2) ON CONFLICT (id) DO NOTHING;
INSERT INTO public.questionnaire_resultats (id, domaine_code, slug, nom, description, prix_min, prix_max, unite_prix, duree_min_minutes, duree_max_minutes, urgence_disponible, garantie_jours, display_order) VALUES ('a0000000-0000-0000-0000-000000000003', 'plumbing', 'reparation-chasse-d-eau', 'Réparation chasse d''eau', 'Remplacement mécanisme de chasse (flotteur, clapet, cloche).', 80, 150, 'TTC_forfait', 30, 60, true, 365, 3) ON CONFLICT (id) DO NOTHING;
INSERT INTO public.questionnaire_resultats (id, domaine_code, slug, nom, description, prix_min, prix_max, unite_prix, duree_min_minutes, duree_max_minutes, urgence_disponible, garantie_jours, display_order) VALUES ('a0000000-0000-0000-0000-000000000004', 'plumbing', 'pose-wc-standard', 'Pose WC standard', 'Dépose ancien WC + fourniture et pose WC posé.', 150, 300, 'TTC_forfait', 60, 120, false, 730, 4) ON CONFLICT (id) DO NOTHING;
INSERT INTO public.questionnaire_resultats (id, domaine_code, slug, nom, description, prix_min, prix_max, unite_prix, duree_min_minutes, duree_max_minutes, urgence_disponible, garantie_jours, display_order) VALUES ('a0000000-0000-0000-0000-000000000005', 'plumbing', 'pose-wc-suspendu', 'Pose WC suspendu', 'Bâti support + cuvette suspendue + plaque de commande.', 200, 400, 'TTC_forfait', 120, 240, false, 730, 5) ON CONFLICT (id) DO NOTHING;
INSERT INTO public.questionnaire_resultats (id, domaine_code, slug, nom, description, prix_min, prix_max, unite_prix, duree_min_minutes, duree_max_minutes, urgence_disponible, garantie_jours, display_order) VALUES ('a0000000-0000-0000-0000-000000000006', 'plumbing', 'fourniture-pose-sanibroyeur', 'Fourniture + pose sanibroyeur', 'Installation complète avec évacuation broyée.', 900, 1100, 'TTC_forfait', 180, 300, false, 730, 6) ON CONFLICT (id) DO NOTHING;
INSERT INTO public.questionnaire_resultats (id, domaine_code, slug, nom, description, prix_min, prix_max, unite_prix, duree_min_minutes, duree_max_minutes, urgence_disponible, garantie_jours, display_order) VALUES ('a0000000-0000-0000-0000-000000000007', 'plumbing', 'debouchage-evier-lavabo', 'Débouchage évier / lavabo', 'Débouchage par furet spirale ou aspiration haute pression.', 100, 180, 'TTC_forfait', 30, 60, true, 1, 7) ON CONFLICT (id) DO NOTHING;
INSERT INTO public.questionnaire_resultats (id, domaine_code, slug, nom, description, prix_min, prix_max, unite_prix, duree_min_minutes, duree_max_minutes, urgence_disponible, garantie_jours, display_order) VALUES ('a0000000-0000-0000-0000-000000000008', 'plumbing', 'fuite-canalisation-apparente', 'Fuite canalisation apparente', 'Remplacement siphon, joint ou section de canalisation visible.', 100, 200, 'TTC_forfait', 30, 90, true, 365, 8) ON CONFLICT (id) DO NOTHING;
INSERT INTO public.questionnaire_resultats (id, domaine_code, slug, nom, description, prix_min, prix_max, unite_prix, duree_min_minutes, duree_max_minutes, urgence_disponible, garantie_jours, display_order) VALUES ('a0000000-0000-0000-0000-000000000009', 'plumbing', 'changement-robinet-mitigeur', 'Changement robinet / mitigeur', 'Remplacement robinet simple ou mitigeur standard.', 80, 200, 'TTC_forfait', 30, 60, true, 365, 9) ON CONFLICT (id) DO NOTHING;
INSERT INTO public.questionnaire_resultats (id, domaine_code, slug, nom, description, prix_min, prix_max, unite_prix, duree_min_minutes, duree_max_minutes, urgence_disponible, garantie_jours, display_order) VALUES ('a0000000-0000-0000-0000-00000000000a', 'plumbing', 'debouchage-douche-baignoire', 'Débouchage douche / baignoire', 'Nettoyage du siphon et traitement de l''obstruction.', 100, 180, 'TTC_forfait', 30, 60, true, 1, 10) ON CONFLICT (id) DO NOTHING;
INSERT INTO public.questionnaire_resultats (id, domaine_code, slug, nom, description, prix_min, prix_max, unite_prix, duree_min_minutes, duree_max_minutes, urgence_disponible, garantie_jours, display_order) VALUES ('a0000000-0000-0000-0000-00000000000b', 'plumbing', 'changement-robinet-mitigeur', 'Changement robinet / mitigeur', 'Remplacement mitigeur de douche ou de baignoire.', 80, 200, 'TTC_forfait', 30, 60, true, 365, 11) ON CONFLICT (id) DO NOTHING;
INSERT INTO public.questionnaire_resultats (id, domaine_code, slug, nom, description, prix_min, prix_max, unite_prix, duree_min_minutes, duree_max_minutes, urgence_disponible, garantie_jours, display_order) VALUES ('a0000000-0000-0000-0000-00000000000c', 'plumbing', 'fuite-chauffe-eau-electrique', 'Fuite chauffe-eau électrique', 'Remplacement groupe de sécurité, joint ou anode.', 100, 220, 'TTC_forfait', 60, 120, true, 365, 12) ON CONFLICT (id) DO NOTHING;
INSERT INTO public.questionnaire_resultats (id, domaine_code, slug, nom, description, prix_min, prix_max, unite_prix, duree_min_minutes, duree_max_minutes, urgence_disponible, garantie_jours, display_order) VALUES ('a0000000-0000-0000-0000-00000000000d', 'plumbing', 'reparation-ballon-electrique', 'Réparation ballon électrique', 'Diagnostic résistance, thermostat ou corrosion.', 100, 200, 'TTC_forfait', 60, 180, true, 365, 13) ON CONFLICT (id) DO NOTHING;
INSERT INTO public.questionnaire_resultats (id, domaine_code, slug, nom, description, prix_min, prix_max, unite_prix, duree_min_minutes, duree_max_minutes, urgence_disponible, garantie_jours, display_order) VALUES ('a0000000-0000-0000-0000-00000000000e', 'plumbing', 'remplacement-ballon-electrique', 'Remplacement ballon électrique', 'Fourniture et pose d''un nouveau ballon selon capacité.', 350, 1500, 'TTC_forfait', 120, 240, false, 730, 14) ON CONFLICT (id) DO NOTHING;
INSERT INTO public.questionnaire_resultats (id, domaine_code, slug, nom, description, prix_min, prix_max, unite_prix, duree_min_minutes, duree_max_minutes, urgence_disponible, garantie_jours, display_order) VALUES ('a0000000-0000-0000-0000-00000000000f', 'plumbing', 'chauffe-eau-gaz-diagnostic', 'Chauffe-eau gaz — diagnostic', 'Intervention sur chauffe-eau gaz instantané ou à accumulation.', 150, 350, 'TTC_forfait', 60, 180, true, 365, 15) ON CONFLICT (id) DO NOTHING;
INSERT INTO public.questionnaire_resultats (id, domaine_code, slug, nom, description, prix_min, prix_max, unite_prix, duree_min_minutes, duree_max_minutes, urgence_disponible, garantie_jours, display_order) VALUES ('a0000000-0000-0000-0000-000000000010', 'plumbing', 'fuite-canalisation-apparente', 'Fuite canalisation apparente', 'Réparation ou remplacement d''une section de canalisation accessible.', 100, 200, 'TTC_forfait', 60, 120, true, 365, 16) ON CONFLICT (id) DO NOTHING;
INSERT INTO public.questionnaire_resultats (id, domaine_code, slug, nom, description, prix_min, prix_max, unite_prix, duree_min_minutes, duree_max_minutes, urgence_disponible, garantie_jours, display_order) VALUES ('a0000000-0000-0000-0000-000000000011', 'plumbing', 'fuite-canalisation-encastree', 'Fuite canalisation encastrée', 'Recherche de fuite non destructive + réparation nécessitant ouverture.', 500, 1000, 'TTC_forfait', 120, 480, false, 365, 17) ON CONFLICT (id) DO NOTHING;
INSERT INTO public.questionnaire_resultats (id, domaine_code, slug, nom, description, prix_min, prix_max, unite_prix, duree_min_minutes, duree_max_minutes, urgence_disponible, garantie_jours, display_order) VALUES ('a0000000-0000-0000-0000-000000000012', 'plumbing', 'debouchage-colonne-generale', 'Débouchage colonne générale', 'Intervention sur colonne collective avec camion hydrocureur.', 700, 900, 'TTC_forfait', 120, 240, false, 1, 18) ON CONFLICT (id) DO NOTHING;
INSERT INTO public.questionnaire_resultats (id, domaine_code, slug, nom, description, prix_min, prix_max, unite_prix, duree_min_minutes, duree_max_minutes, urgence_disponible, garantie_jours, display_order) VALUES ('a0000000-0000-0000-0000-000000000013', 'electricity', 'remplacement-disjoncteur-differentiel', 'Remplacement disjoncteur différentiel', 'Diagnostic + remplacement du différentiel défaillant.', 150, 300, 'TTC_forfait', 60, 120, true, 365, 19) ON CONFLICT (id) DO NOTHING;
INSERT INTO public.questionnaire_resultats (id, domaine_code, slug, nom, description, prix_min, prix_max, unite_prix, duree_min_minutes, duree_max_minutes, urgence_disponible, garantie_jours, display_order) VALUES ('a0000000-0000-0000-0000-000000000014', 'electricity', 'remplacement-tableau-electrique', 'Remplacement tableau électrique', 'Dépose ancien tableau + pose nouveau tableau NF C 15-100.', 800, 2500, 'TTC_forfait', 240, 480, false, 730, 20) ON CONFLICT (id) DO NOTHING;
INSERT INTO public.questionnaire_resultats (id, domaine_code, slug, nom, description, prix_min, prix_max, unite_prix, duree_min_minutes, duree_max_minutes, urgence_disponible, garantie_jours, display_order) VALUES ('a0000000-0000-0000-0000-000000000015', 'electricity', 'panne-circuit-prises', 'Panne circuit prises', 'Diagnostic et réparation d''un circuit de prises défaillant.', 150, 300, 'TTC_forfait', 60, 180, true, 365, 21) ON CONFLICT (id) DO NOTHING;
INSERT INTO public.questionnaire_resultats (id, domaine_code, slug, nom, description, prix_min, prix_max, unite_prix, duree_min_minutes, duree_max_minutes, urgence_disponible, garantie_jours, display_order) VALUES ('a0000000-0000-0000-0000-000000000016', 'electricity', 'depannage-circuit-eclairage', 'Dépannage circuit éclairage', 'Vérification circuit éclairage, remplacement interrupteur ou câble.', 150, 250, 'TTC_forfait', 60, 120, true, 365, 22) ON CONFLICT (id) DO NOTHING;
INSERT INTO public.questionnaire_resultats (id, domaine_code, slug, nom, description, prix_min, prix_max, unite_prix, duree_min_minutes, duree_max_minutes, urgence_disponible, garantie_jours, display_order) VALUES ('a0000000-0000-0000-0000-000000000017', 'electricity', 'pose-prise-interrupteur', 'Pose prise / interrupteur', 'Pose d''une prise 16A ou d''un interrupteur va-et-vient.', 80, 150, 'TTC_forfait', 30, 60, false, 365, 23) ON CONFLICT (id) DO NOTHING;
INSERT INTO public.questionnaire_resultats (id, domaine_code, slug, nom, description, prix_min, prix_max, unite_prix, duree_min_minutes, duree_max_minutes, urgence_disponible, garantie_jours, display_order) VALUES ('a0000000-0000-0000-0000-000000000018', 'electricity', 'pose-luminaire-spots', 'Pose luminaire / spots', 'Branchement luminaire ou création de circuit spots encastrés.', 80, 300, 'TTC_forfait', 60, 180, false, 365, 24) ON CONFLICT (id) DO NOTHING;
INSERT INTO public.questionnaire_resultats (id, domaine_code, slug, nom, description, prix_min, prix_max, unite_prix, duree_min_minutes, duree_max_minutes, urgence_disponible, garantie_jours, display_order) VALUES ('a0000000-0000-0000-0000-000000000019', 'electricity', 'installation-borne-irve', 'Installation borne IRVE', 'Pose borne de recharge véhicule électrique avec mise en service.', 800, 2000, 'TTC_forfait', 180, 360, false, 730, 25) ON CONFLICT (id) DO NOTHING;
INSERT INTO public.questionnaire_resultats (id, domaine_code, slug, nom, description, prix_min, prix_max, unite_prix, duree_min_minutes, duree_max_minutes, urgence_disponible, garantie_jours, display_order) VALUES ('a0000000-0000-0000-0000-00000000001a', 'electricity', 'diagnostic-electrique', 'Diagnostic électrique', 'Contrôle conformité NF C 15-100, rapport détaillé.', 150, 300, 'TTC_forfait', 120, 240, false, null, 26) ON CONFLICT (id) DO NOTHING;
INSERT INTO public.questionnaire_resultats (id, domaine_code, slug, nom, description, prix_min, prix_max, unite_prix, duree_min_minutes, duree_max_minutes, urgence_disponible, garantie_jours, display_order) VALUES ('a0000000-0000-0000-0000-00000000001b', 'locksmith', 'ouverture-porte-claquee-standard', 'Ouverture porte claquée — standard', 'Ouverture sans dommage par crochetage ou carte.', 130, 150, 'TTC_forfait', 15, 30, true, null, 27) ON CONFLICT (id) DO NOTHING;
INSERT INTO public.questionnaire_resultats (id, domaine_code, slug, nom, description, prix_min, prix_max, unite_prix, duree_min_minutes, duree_max_minutes, urgence_disponible, garantie_jours, display_order) VALUES ('a0000000-0000-0000-0000-00000000001c', 'locksmith', 'ouverture-porte-blindee-claquee', 'Ouverture porte blindée claquée', 'Technique non destructive adaptée aux portes renforcées.', 150, 200, 'TTC_forfait', 30, 60, true, null, 28) ON CONFLICT (id) DO NOTHING;
INSERT INTO public.questionnaire_resultats (id, domaine_code, slug, nom, description, prix_min, prix_max, unite_prix, duree_min_minutes, duree_max_minutes, urgence_disponible, garantie_jours, display_order) VALUES ('a0000000-0000-0000-0000-00000000001d', 'locksmith', 'ouverture-porte-verrouillee-standard', 'Ouverture porte verrouillée — standard', 'Crochetage ou cylindre sacrifié selon serrure.', 150, 220, 'TTC_forfait', 30, 60, true, null, 29) ON CONFLICT (id) DO NOTHING;
INSERT INTO public.questionnaire_resultats (id, domaine_code, slug, nom, description, prix_min, prix_max, unite_prix, duree_min_minutes, duree_max_minutes, urgence_disponible, garantie_jours, display_order) VALUES ('a0000000-0000-0000-0000-00000000001e', 'locksmith', 'ouverture-porte-blindee-verrouillee', 'Ouverture porte blindée verrouillée', 'Intervention longue sur serrure multipoints.', 200, 350, 'TTC_forfait', 60, 120, true, null, 30) ON CONFLICT (id) DO NOTHING;
INSERT INTO public.questionnaire_resultats (id, domaine_code, slug, nom, description, prix_min, prix_max, unite_prix, duree_min_minutes, duree_max_minutes, urgence_disponible, garantie_jours, display_order) VALUES ('a0000000-0000-0000-0000-00000000001f', 'locksmith', 'ouverture-securisation-urgence', 'Ouverture + sécurisation urgence', 'Ouverture immédiate + condamnation provisoire de la porte.', 200, 400, 'TTC_forfait', 30, 90, true, null, 31) ON CONFLICT (id) DO NOTHING;
INSERT INTO public.questionnaire_resultats (id, domaine_code, slug, nom, description, prix_min, prix_max, unite_prix, duree_min_minutes, duree_max_minutes, urgence_disponible, garantie_jours, display_order) VALUES ('a0000000-0000-0000-0000-000000000020', 'locksmith', 'changement-de-cylindre', 'Changement de cylindre', 'Dépose ancien cylindre + pose cylindre A2P selon niveau de sécurité.', 120, 200, 'TTC_forfait', 30, 60, true, 365, 32) ON CONFLICT (id) DO NOTHING;
INSERT INTO public.questionnaire_resultats (id, domaine_code, slug, nom, description, prix_min, prix_max, unite_prix, duree_min_minutes, duree_max_minutes, urgence_disponible, garantie_jours, display_order) VALUES ('a0000000-0000-0000-0000-000000000021', 'locksmith', 'serrure-3-points', 'Serrure 3 points', 'Dépose + pose serrure 3 points avec cylindre inclus.', 400, 600, 'TTC_forfait', 60, 120, false, 730, 33) ON CONFLICT (id) DO NOTHING;
INSERT INTO public.questionnaire_resultats (id, domaine_code, slug, nom, description, prix_min, prix_max, unite_prix, duree_min_minutes, duree_max_minutes, urgence_disponible, garantie_jours, display_order) VALUES ('a0000000-0000-0000-0000-000000000022', 'locksmith', 'serrure-5-points-haute-securite', 'Serrure 5 points haute sécurité', 'Serrure multipoints avec certification A2P BP.', 600, 1000, 'TTC_forfait', 120, 180, false, 730, 34) ON CONFLICT (id) DO NOTHING;
INSERT INTO public.questionnaire_resultats (id, domaine_code, slug, nom, description, prix_min, prix_max, unite_prix, duree_min_minutes, duree_max_minutes, urgence_disponible, garantie_jours, display_order) VALUES ('a0000000-0000-0000-0000-000000000023', 'locksmith', 'blindage-porte-existante', 'Blindage porte existante', 'Pose de plaques acier sur porte existante + serrure renforcée.', 500, 900, 'TTC_forfait', 180, 360, false, 730, 35) ON CONFLICT (id) DO NOTHING;
INSERT INTO public.questionnaire_resultats (id, domaine_code, slug, nom, description, prix_min, prix_max, unite_prix, duree_min_minutes, duree_max_minutes, urgence_disponible, garantie_jours, display_order) VALUES ('a0000000-0000-0000-0000-000000000024', 'locksmith', 'porte-blindee-a2p-bp', 'Porte blindée A2P BP', 'Remplacement complet par porte certifiée A2P.', 1000, 3500, 'TTC_forfait', 480, 480, false, 730, 36) ON CONFLICT (id) DO NOTHING;
INSERT INTO public.questionnaire_resultats (id, domaine_code, slug, nom, description, prix_min, prix_max, unite_prix, duree_min_minutes, duree_max_minutes, urgence_disponible, garantie_jours, display_order) VALUES ('a0000000-0000-0000-0000-000000000025', 'locksmith', 'serrure-boite-aux-lettres', 'Serrure boîte aux lettres', 'Remplacement serrure ou cylindre BAL normalisé.', 70, 150, 'TTC_forfait', 30, 30, true, 365, 37) ON CONFLICT (id) DO NOTHING;
INSERT INTO public.questionnaire_resultats (id, domaine_code, slug, nom, description, prix_min, prix_max, unite_prix, duree_min_minutes, duree_max_minutes, urgence_disponible, garantie_jours, display_order) VALUES ('a0000000-0000-0000-0000-000000000026', 'locksmith', 'serrure-portail-garage', 'Serrure portail / garage', 'Remplacement serrure ou motorisation portail/porte de garage.', 150, 350, 'TTC_forfait', 60, 120, false, 365, 38) ON CONFLICT (id) DO NOTHING;
INSERT INTO public.questionnaire_resultats (id, domaine_code, slug, nom, description, prix_min, prix_max, unite_prix, duree_min_minutes, duree_max_minutes, urgence_disponible, garantie_jours, display_order) VALUES ('a0000000-0000-0000-0000-000000000027', 'glazing', 'remplacement-vitre-simple', 'Remplacement vitre simple', 'Dépose bris + coupe et pose verre simple.', 65, 200, 'TTC_m2', 60, 120, true, 365, 39) ON CONFLICT (id) DO NOTHING;
INSERT INTO public.questionnaire_resultats (id, domaine_code, slug, nom, description, prix_min, prix_max, unite_prix, duree_min_minutes, duree_max_minutes, urgence_disponible, garantie_jours, display_order) VALUES ('a0000000-0000-0000-0000-000000000028', 'glazing', 'fenetre-double-vitrage-pvc', 'Fenêtre double vitrage PVC', 'Remplacement fenêtre PVC double vitrage 4/16/4.', 350, 600, 'TTC_forfait', 120, 240, false, 730, 40) ON CONFLICT (id) DO NOTHING;
INSERT INTO public.questionnaire_resultats (id, domaine_code, slug, nom, description, prix_min, prix_max, unite_prix, duree_min_minutes, duree_max_minutes, urgence_disponible, garantie_jours, display_order) VALUES ('a0000000-0000-0000-0000-000000000029', 'glazing', 'fenetre-double-vitrage-alu', 'Fenêtre double vitrage ALU', 'Remplacement fenêtre aluminium double vitrage avec RPT.', 500, 800, 'TTC_forfait', 120, 240, false, 730, 41) ON CONFLICT (id) DO NOTHING;
INSERT INTO public.questionnaire_resultats (id, domaine_code, slug, nom, description, prix_min, prix_max, unite_prix, duree_min_minutes, duree_max_minutes, urgence_disponible, garantie_jours, display_order) VALUES ('a0000000-0000-0000-0000-00000000002a', 'glazing', 'fenetre-double-vitrage-bois', 'Fenêtre double vitrage Bois', 'Remplacement fenêtre bois lasurée ou peinte.', 500, 900, 'TTC_forfait', 120, 240, false, 730, 42) ON CONFLICT (id) DO NOTHING;
INSERT INTO public.questionnaire_resultats (id, domaine_code, slug, nom, description, prix_min, prix_max, unite_prix, duree_min_minutes, duree_max_minutes, urgence_disponible, garantie_jours, display_order) VALUES ('a0000000-0000-0000-0000-00000000002b', 'glazing', 'remplacement-velux-fenetre-toit', 'Remplacement Velux / fenêtre toit', 'Dépose + pose fenêtre de toit avec raccord étanchéité.', 600, 1200, 'TTC_forfait', 180, 300, false, 730, 43) ON CONFLICT (id) DO NOTHING;
INSERT INTO public.questionnaire_resultats (id, domaine_code, slug, nom, description, prix_min, prix_max, unite_prix, duree_min_minutes, duree_max_minutes, urgence_disponible, garantie_jours, display_order) VALUES ('a0000000-0000-0000-0000-00000000002c', 'glazing', 'remplacement-cremone', 'Remplacement crémone', 'Dépose ancienne crémone + pose crémone compatible.', 80, 150, 'TTC_forfait', 30, 60, false, 365, 44) ON CONFLICT (id) DO NOTHING;
INSERT INTO public.questionnaire_resultats (id, domaine_code, slug, nom, description, prix_min, prix_max, unite_prix, duree_min_minutes, duree_max_minutes, urgence_disponible, garantie_jours, display_order) VALUES ('a0000000-0000-0000-0000-00000000002d', 'glazing', 'remplacement-poignee-fenetre', 'Remplacement poignée fenêtre', 'Remplacement poignée avec ou sans cylindre de sécurité.', 60, 120, 'TTC_forfait', 30, 30, false, 365, 45) ON CONFLICT (id) DO NOTHING;
INSERT INTO public.questionnaire_resultats (id, domaine_code, slug, nom, description, prix_min, prix_max, unite_prix, duree_min_minutes, duree_max_minutes, urgence_disponible, garantie_jours, display_order) VALUES ('a0000000-0000-0000-0000-00000000002e', 'glazing', 'rabotage-reglage-fenetre', 'Rabotage / réglage fenêtre', 'Réglage des paumelles, rabotage ou ajustement des joints.', 80, 150, 'TTC_forfait', 30, 90, false, 365, 46) ON CONFLICT (id) DO NOTHING;
INSERT INTO public.questionnaire_resultats (id, domaine_code, slug, nom, description, prix_min, prix_max, unite_prix, duree_min_minutes, duree_max_minutes, urgence_disponible, garantie_jours, display_order) VALUES ('a0000000-0000-0000-0000-00000000002f', 'glazing', 'remplacement-joints-fenetre', 'Remplacement joints fenêtre', 'Dépose anciens joints + pose joints EPDM ou silicone.', 50, 150, 'TTC_forfait', 30, 90, false, 730, 47) ON CONFLICT (id) DO NOTHING;
INSERT INTO public.questionnaire_resultats (id, domaine_code, slug, nom, description, prix_min, prix_max, unite_prix, duree_min_minutes, duree_max_minutes, urgence_disponible, garantie_jours, display_order) VALUES ('a0000000-0000-0000-0000-000000000030', 'glazing', 'joints-silicone-douche-baignoire', 'Joints silicone douche / baignoire', 'Dépose anciens joints moisis + nettoyage + joints silicone sanitaire.', 80, 150, 'TTC_forfait', null, null, false, 365, 48) ON CONFLICT (id) DO NOTHING;
INSERT INTO public.questionnaire_resultats (id, domaine_code, slug, nom, description, prix_min, prix_max, unite_prix, duree_min_minutes, duree_max_minutes, urgence_disponible, garantie_jours, display_order) VALUES ('a0000000-0000-0000-0000-000000000031', 'heating', 'depannage-chaudiere-gaz', 'Dépannage chaudière gaz', 'Diagnostic + réparation selon pièce défaillante.', 150, 500, 'TTC_forfait', 60, 180, true, 365, 49) ON CONFLICT (id) DO NOTHING;
INSERT INTO public.questionnaire_resultats (id, domaine_code, slug, nom, description, prix_min, prix_max, unite_prix, duree_min_minutes, duree_max_minutes, urgence_disponible, garantie_jours, display_order) VALUES ('a0000000-0000-0000-0000-000000000032', 'heating', 'entretien-chaudiere-gaz', 'Entretien chaudière gaz', 'Contrôle, nettoyage, réglage combustion + attestation.', 150, 180, 'TTC_forfait', 60, 60, false, null, 50) ON CONFLICT (id) DO NOTHING;
INSERT INTO public.questionnaire_resultats (id, domaine_code, slug, nom, description, prix_min, prix_max, unite_prix, duree_min_minutes, duree_max_minutes, urgence_disponible, garantie_jours, display_order) VALUES ('a0000000-0000-0000-0000-000000000033', 'heating', 'remplacement-chaudiere-gaz-standard', 'Remplacement chaudière gaz standard', 'Dépose ancienne chaudière + fourniture et pose.', 2000, 3500, 'TTC_forfait', 480, 480, false, 730, 51) ON CONFLICT (id) DO NOTHING;
INSERT INTO public.questionnaire_resultats (id, domaine_code, slug, nom, description, prix_min, prix_max, unite_prix, duree_min_minutes, duree_max_minutes, urgence_disponible, garantie_jours, display_order) VALUES ('a0000000-0000-0000-0000-000000000034', 'heating', 'remplacement-chaudiere-condensation', 'Remplacement chaudière condensation', 'Chaudière à condensation rendement >100% PCI.', 2500, 5000, 'TTC_forfait', 480, 480, false, 730, 52) ON CONFLICT (id) DO NOTHING;
INSERT INTO public.questionnaire_resultats (id, domaine_code, slug, nom, description, prix_min, prix_max, unite_prix, duree_min_minutes, duree_max_minutes, urgence_disponible, garantie_jours, display_order) VALUES ('a0000000-0000-0000-0000-000000000035', 'heating', 'purge-radiateurs-equilibrage-circuit', 'Purge radiateurs + équilibrage circuit', 'Purge de l''air emprisonné dans les radiateurs et équilibrage.', 80, 400, 'TTC_forfait', 60, 240, false, 365, 53) ON CONFLICT (id) DO NOTHING;
INSERT INTO public.questionnaire_resultats (id, domaine_code, slug, nom, description, prix_min, prix_max, unite_prix, duree_min_minutes, duree_max_minutes, urgence_disponible, garantie_jours, display_order) VALUES ('a0000000-0000-0000-0000-000000000036', 'heating', 'remplacement-robinet-thermostatique', 'Remplacement robinet thermostatique', 'Dépose ancien robinet + pose robinet thermostatique.', 100, 200, 'TTC_forfait', 30, 60, false, 365, 54) ON CONFLICT (id) DO NOTHING;
INSERT INTO public.questionnaire_resultats (id, domaine_code, slug, nom, description, prix_min, prix_max, unite_prix, duree_min_minutes, duree_max_minutes, urgence_disponible, garantie_jours, display_order) VALUES ('a0000000-0000-0000-0000-000000000037', 'heating', 'pose-radiateur-chauffage-central', 'Pose radiateur chauffage central', 'Raccordement + pose radiateur sur circuit existant.', 250, 400, 'TTC_forfait', 120, 240, false, 730, 55) ON CONFLICT (id) DO NOTHING;
INSERT INTO public.questionnaire_resultats (id, domaine_code, slug, nom, description, prix_min, prix_max, unite_prix, duree_min_minutes, duree_max_minutes, urgence_disponible, garantie_jours, display_order) VALUES ('a0000000-0000-0000-0000-000000000038', 'heating', 'entretien-chaudiere-fioul', 'Entretien chaudière fioul', 'Contrôle, nettoyage brûleur et échangeur, ramonage + attestation.', 150, 200, 'TTC_forfait', 1800, 120, false, null, 56) ON CONFLICT (id) DO NOTHING;
INSERT INTO public.questionnaire_resultats (id, domaine_code, slug, nom, description, prix_min, prix_max, unite_prix, duree_min_minutes, duree_max_minutes, urgence_disponible, garantie_jours, display_order) VALUES ('a0000000-0000-0000-0000-000000000039', 'heating', 'reparation-chaudiere-fioul', 'Réparation chaudière fioul', 'Diagnostic + réparation brûleur, pompe à fioul ou carte.', 200, 600, 'TTC_forfait', 60, 180, false, 365, 57) ON CONFLICT (id) DO NOTHING;
INSERT INTO public.questionnaire_resultats (id, domaine_code, slug, nom, description, prix_min, prix_max, unite_prix, duree_min_minutes, duree_max_minutes, urgence_disponible, garantie_jours, display_order) VALUES ('a0000000-0000-0000-0000-00000000003a', 'aircon', 'installation-clim-monosplit', 'Installation clim monosplit', 'Fourniture + pose 1 unité intérieure + 1 unité extérieure.', 1200, 2500, 'TTC_forfait', 240, 360, false, 730, 58) ON CONFLICT (id) DO NOTHING;
INSERT INTO public.questionnaire_resultats (id, domaine_code, slug, nom, description, prix_min, prix_max, unite_prix, duree_min_minutes, duree_max_minutes, urgence_disponible, garantie_jours, display_order) VALUES ('a0000000-0000-0000-0000-00000000003b', 'aircon', 'installation-clim-bisplit', 'Installation clim bisplit', '1 groupe extérieur + 2 unités intérieures.', 2000, 3500, 'TTC_forfait', 360, 480, false, 730, 59) ON CONFLICT (id) DO NOTHING;
INSERT INTO public.questionnaire_resultats (id, domaine_code, slug, nom, description, prix_min, prix_max, unite_prix, duree_min_minutes, duree_max_minutes, urgence_disponible, garantie_jours, display_order) VALUES ('a0000000-0000-0000-0000-00000000003c', 'aircon', 'installation-clim-multisplit', 'Installation clim multisplit', '1 groupe extérieur + 3 unités intérieures ou plus.', 2800, 5000, 'TTC_forfait', 480, 960, false, 730, 60) ON CONFLICT (id) DO NOTHING;
INSERT INTO public.questionnaire_resultats (id, domaine_code, slug, nom, description, prix_min, prix_max, unite_prix, duree_min_minutes, duree_max_minutes, urgence_disponible, garantie_jours, display_order) VALUES ('a0000000-0000-0000-0000-00000000003d', 'aircon', 'entretien-climatisation', 'Entretien climatisation', 'Nettoyage filtres, unités intérieure et extérieure, contrôle fluide.', 150, 400, 'TTC_forfait', 60, 120, false, 365, 61) ON CONFLICT (id) DO NOTHING;
INSERT INTO public.questionnaire_resultats (id, domaine_code, slug, nom, description, prix_min, prix_max, unite_prix, duree_min_minutes, duree_max_minutes, urgence_disponible, garantie_jours, display_order) VALUES ('a0000000-0000-0000-0000-00000000003e', 'aircon', 'depannage-clim-perte-de-puissance', 'Dépannage clim — perte de puissance', 'Diagnostic fuite gaz, compresseur ou carte électronique.', 200, 800, 'TTC_forfait', 60, 180, true, 365, 62) ON CONFLICT (id) DO NOTHING;
INSERT INTO public.questionnaire_resultats (id, domaine_code, slug, nom, description, prix_min, prix_max, unite_prix, duree_min_minutes, duree_max_minutes, urgence_disponible, garantie_jours, display_order) VALUES ('a0000000-0000-0000-0000-00000000003f', 'aircon', 'fuite-eau-unite-interieure', 'Fuite eau unité intérieure', 'Nettoyage bac + tuyau de condensats bouché.', 150, 300, 'TTC_forfait', 60, 120, true, 365, 63) ON CONFLICT (id) DO NOTHING;
INSERT INTO public.questionnaire_resultats (id, domaine_code, slug, nom, description, prix_min, prix_max, unite_prix, duree_min_minutes, duree_max_minutes, urgence_disponible, garantie_jours, display_order) VALUES ('a0000000-0000-0000-0000-000000000040', 'aircon', 'diagnostic-bruit-clim', 'Diagnostic bruit clim', 'Contrôle fixations, ventilateur et compresseur.', 150, 300, 'TTC_forfait', 60, 120, false, 365, 64) ON CONFLICT (id) DO NOTHING;
INSERT INTO public.questionnaire_resultats (id, domaine_code, slug, nom, description, prix_min, prix_max, unite_prix, duree_min_minutes, duree_max_minutes, urgence_disponible, garantie_jours, display_order) VALUES ('a0000000-0000-0000-0000-000000000041', 'aircon', 'installation-pac-air-air', 'Installation PAC air/air', 'Pompe à chaleur avec distribution par soufflage d''air.', 2500, 8000, 'TTC_forfait', 480, 960, false, 730, 65) ON CONFLICT (id) DO NOTHING;
INSERT INTO public.questionnaire_resultats (id, domaine_code, slug, nom, description, prix_min, prix_max, unite_prix, duree_min_minutes, duree_max_minutes, urgence_disponible, garantie_jours, display_order) VALUES ('a0000000-0000-0000-0000-000000000042', 'aircon', 'installation-pac-air-eau', 'Installation PAC air/eau', 'PAC avec distribution via radiateurs ou plancher chauffant.', 7000, 15000, 'TTC_forfait', 960, 1440, false, 730, 66) ON CONFLICT (id) DO NOTHING;
INSERT INTO public.questionnaire_resultats (id, domaine_code, slug, nom, description, prix_min, prix_max, unite_prix, duree_min_minutes, duree_max_minutes, urgence_disponible, garantie_jours, display_order) VALUES ('a0000000-0000-0000-0000-000000000043', 'aircon', 'entretien-depannage-pac', 'Entretien & dépannage PAC', 'Entretien annuel ou réparation pompe à chaleur.', 150, 600, 'TTC_forfait', 60, 180, false, 365, 67) ON CONFLICT (id) DO NOTHING;

-- ──────────────────────────────────────────────
-- 11. QUESTIONNAIRE – VARIANTES (164)
-- ──────────────────────────────────────────────
INSERT INTO public.questionnaire_variantes (id, resultat_id, nom, prix_min, prix_max, display_order) VALUES ('b0000000-0000-0000-0000-000000000001', 'a0000000-0000-0000-0000-000000000001', 'WC standard (furet)', 100, 150, 1) ON CONFLICT (id) DO NOTHING;
INSERT INTO public.questionnaire_variantes (id, resultat_id, nom, prix_min, prix_max, display_order) VALUES ('b0000000-0000-0000-0000-000000000002', 'a0000000-0000-0000-0000-000000000001', 'WC sanibroyeur', 130, 200, 2) ON CONFLICT (id) DO NOTHING;
INSERT INTO public.questionnaire_variantes (id, resultat_id, nom, prix_min, prix_max, display_order) VALUES ('b0000000-0000-0000-0000-000000000003', 'a0000000-0000-0000-0000-000000000001', 'Haute pression', 300, 500, 3) ON CONFLICT (id) DO NOTHING;
INSERT INTO public.questionnaire_variantes (id, resultat_id, nom, prix_min, prix_max, display_order) VALUES ('b0000000-0000-0000-0000-000000000004', 'a0000000-0000-0000-0000-000000000002', 'Joint simple', 80, 100, 1) ON CONFLICT (id) DO NOTHING;
INSERT INTO public.questionnaire_variantes (id, resultat_id, nom, prix_min, prix_max, display_order) VALUES ('b0000000-0000-0000-0000-000000000005', 'a0000000-0000-0000-0000-000000000002', 'Flexible + joint', 100, 150, 2) ON CONFLICT (id) DO NOTHING;
INSERT INTO public.questionnaire_variantes (id, resultat_id, nom, prix_min, prix_max, display_order) VALUES ('b0000000-0000-0000-0000-000000000006', 'a0000000-0000-0000-0000-000000000003', 'Remplacement clapet/flotteur', 80, 120, 1) ON CONFLICT (id) DO NOTHING;
INSERT INTO public.questionnaire_variantes (id, resultat_id, nom, prix_min, prix_max, display_order) VALUES ('b0000000-0000-0000-0000-000000000007', 'a0000000-0000-0000-0000-000000000003', 'Mécanisme complet', 100, 150, 2) ON CONFLICT (id) DO NOTHING;
INSERT INTO public.questionnaire_variantes (id, resultat_id, nom, prix_min, prix_max, display_order) VALUES ('b0000000-0000-0000-0000-000000000008', 'a0000000-0000-0000-0000-000000000004', 'Main d''œuvre seule', 100, 150, 1) ON CONFLICT (id) DO NOTHING;
INSERT INTO public.questionnaire_variantes (id, resultat_id, nom, prix_min, prix_max, display_order) VALUES ('b0000000-0000-0000-0000-000000000009', 'a0000000-0000-0000-0000-000000000004', 'Fourniture + pose', 150, 300, 2) ON CONFLICT (id) DO NOTHING;
INSERT INTO public.questionnaire_variantes (id, resultat_id, nom, prix_min, prix_max, display_order) VALUES ('b0000000-0000-0000-0000-00000000000a', 'a0000000-0000-0000-0000-000000000005', 'Bâti + cuvette entrée de gamme', 200, 300, 1) ON CONFLICT (id) DO NOTHING;
INSERT INTO public.questionnaire_variantes (id, resultat_id, nom, prix_min, prix_max, display_order) VALUES ('b0000000-0000-0000-0000-00000000000b', 'a0000000-0000-0000-0000-000000000005', 'Bâti + cuvette haut de gamme', 300, 400, 2) ON CONFLICT (id) DO NOTHING;
INSERT INTO public.questionnaire_variantes (id, resultat_id, nom, prix_min, prix_max, display_order) VALUES ('b0000000-0000-0000-0000-00000000000c', 'a0000000-0000-0000-0000-000000000006', 'Sanibroyeur standard', 900, 1000, 1) ON CONFLICT (id) DO NOTHING;
INSERT INTO public.questionnaire_variantes (id, resultat_id, nom, prix_min, prix_max, display_order) VALUES ('b0000000-0000-0000-0000-00000000000d', 'a0000000-0000-0000-0000-000000000006', 'Sanibroyeur silencieux', 1000, 1100, 2) ON CONFLICT (id) DO NOTHING;
INSERT INTO public.questionnaire_variantes (id, resultat_id, nom, prix_min, prix_max, display_order) VALUES ('b0000000-0000-0000-0000-00000000000e', 'a0000000-0000-0000-0000-000000000007', 'Furet manuel', 100, 130, 1) ON CONFLICT (id) DO NOTHING;
INSERT INTO public.questionnaire_variantes (id, resultat_id, nom, prix_min, prix_max, display_order) VALUES ('b0000000-0000-0000-0000-00000000000f', 'a0000000-0000-0000-0000-000000000007', 'Haute pression', 130, 180, 2) ON CONFLICT (id) DO NOTHING;
INSERT INTO public.questionnaire_variantes (id, resultat_id, nom, prix_min, prix_max, display_order) VALUES ('b0000000-0000-0000-0000-000000000010', 'a0000000-0000-0000-0000-000000000008', 'Siphon + joints', 80, 120, 1) ON CONFLICT (id) DO NOTHING;
INSERT INTO public.questionnaire_variantes (id, resultat_id, nom, prix_min, prix_max, display_order) VALUES ('b0000000-0000-0000-0000-000000000011', 'a0000000-0000-0000-0000-000000000008', 'Remplacement section tuyau', 120, 200, 2) ON CONFLICT (id) DO NOTHING;
INSERT INTO public.questionnaire_variantes (id, resultat_id, nom, prix_min, prix_max, display_order) VALUES ('b0000000-0000-0000-0000-000000000012', 'a0000000-0000-0000-0000-000000000009', 'Robinet simple', 80, 120, 1) ON CONFLICT (id) DO NOTHING;
INSERT INTO public.questionnaire_variantes (id, resultat_id, nom, prix_min, prix_max, display_order) VALUES ('b0000000-0000-0000-0000-000000000013', 'a0000000-0000-0000-0000-000000000009', 'Mitigeur standard', 100, 150, 2) ON CONFLICT (id) DO NOTHING;
INSERT INTO public.questionnaire_variantes (id, resultat_id, nom, prix_min, prix_max, display_order) VALUES ('b0000000-0000-0000-0000-000000000014', 'a0000000-0000-0000-0000-000000000009', 'Mitigeur thermostatique', 150, 200, 3) ON CONFLICT (id) DO NOTHING;
INSERT INTO public.questionnaire_variantes (id, resultat_id, nom, prix_min, prix_max, display_order) VALUES ('b0000000-0000-0000-0000-000000000015', 'a0000000-0000-0000-0000-00000000000a', 'Siphon + furet', 100, 140, 1) ON CONFLICT (id) DO NOTHING;
INSERT INTO public.questionnaire_variantes (id, resultat_id, nom, prix_min, prix_max, display_order) VALUES ('b0000000-0000-0000-0000-000000000016', 'a0000000-0000-0000-0000-00000000000a', 'Haute pression', 140, 180, 2) ON CONFLICT (id) DO NOTHING;
INSERT INTO public.questionnaire_variantes (id, resultat_id, nom, prix_min, prix_max, display_order) VALUES ('b0000000-0000-0000-0000-000000000017', 'a0000000-0000-0000-0000-00000000000b', 'Mitigeur douche standard', 100, 150, 1) ON CONFLICT (id) DO NOTHING;
INSERT INTO public.questionnaire_variantes (id, resultat_id, nom, prix_min, prix_max, display_order) VALUES ('b0000000-0000-0000-0000-000000000018', 'a0000000-0000-0000-0000-00000000000b', 'Mitigeur thermostatique', 150, 200, 2) ON CONFLICT (id) DO NOTHING;
INSERT INTO public.questionnaire_variantes (id, resultat_id, nom, prix_min, prix_max, display_order) VALUES ('b0000000-0000-0000-0000-000000000019', 'a0000000-0000-0000-0000-00000000000c', 'Groupe sécurité + joint', 100, 150, 1) ON CONFLICT (id) DO NOTHING;
INSERT INTO public.questionnaire_variantes (id, resultat_id, nom, prix_min, prix_max, display_order) VALUES ('b0000000-0000-0000-0000-00000000001a', 'a0000000-0000-0000-0000-00000000000c', 'Anode + vérification', 120, 180, 2) ON CONFLICT (id) DO NOTHING;
INSERT INTO public.questionnaire_variantes (id, resultat_id, nom, prix_min, prix_max, display_order) VALUES ('b0000000-0000-0000-0000-00000000001b', 'a0000000-0000-0000-0000-00000000000c', 'Remplacement si nécessaire', 350, 1000, 3) ON CONFLICT (id) DO NOTHING;
INSERT INTO public.questionnaire_variantes (id, resultat_id, nom, prix_min, prix_max, display_order) VALUES ('b0000000-0000-0000-0000-00000000001c', 'a0000000-0000-0000-0000-00000000000d', 'Remplacement résistance', 100, 160, 1) ON CONFLICT (id) DO NOTHING;
INSERT INTO public.questionnaire_variantes (id, resultat_id, nom, prix_min, prix_max, display_order) VALUES ('b0000000-0000-0000-0000-00000000001d', 'a0000000-0000-0000-0000-00000000000d', 'Thermostat défaillant', 100, 150, 2) ON CONFLICT (id) DO NOTHING;
INSERT INTO public.questionnaire_variantes (id, resultat_id, nom, prix_min, prix_max, display_order) VALUES ('b0000000-0000-0000-0000-00000000001e', 'a0000000-0000-0000-0000-00000000000d', 'Remplacement ballon 80L', 400, 600, 3) ON CONFLICT (id) DO NOTHING;
INSERT INTO public.questionnaire_variantes (id, resultat_id, nom, prix_min, prix_max, display_order) VALUES ('b0000000-0000-0000-0000-00000000001f', 'a0000000-0000-0000-0000-00000000000e', '50 L (studio)', 350, 500, 1) ON CONFLICT (id) DO NOTHING;
INSERT INTO public.questionnaire_variantes (id, resultat_id, nom, prix_min, prix_max, display_order) VALUES ('b0000000-0000-0000-0000-000000000020', 'a0000000-0000-0000-0000-00000000000e', '80 L (T2/T3)', 400, 600, 2) ON CONFLICT (id) DO NOTHING;
INSERT INTO public.questionnaire_variantes (id, resultat_id, nom, prix_min, prix_max, display_order) VALUES ('b0000000-0000-0000-0000-000000000021', 'a0000000-0000-0000-0000-00000000000e', '150–200 L (maison)', 600, 1000, 3) ON CONFLICT (id) DO NOTHING;
INSERT INTO public.questionnaire_variantes (id, resultat_id, nom, prix_min, prix_max, display_order) VALUES ('b0000000-0000-0000-0000-000000000022', 'a0000000-0000-0000-0000-00000000000e', 'Thermodynamique', 800, 1500, 4) ON CONFLICT (id) DO NOTHING;
INSERT INTO public.questionnaire_variantes (id, resultat_id, nom, prix_min, prix_max, display_order) VALUES ('b0000000-0000-0000-0000-000000000023', 'a0000000-0000-0000-0000-00000000000f', 'Réparation pièce', 150, 250, 1) ON CONFLICT (id) DO NOTHING;
INSERT INTO public.questionnaire_variantes (id, resultat_id, nom, prix_min, prix_max, display_order) VALUES ('b0000000-0000-0000-0000-000000000024', 'a0000000-0000-0000-0000-00000000000f', 'Remplacement veilleuse/thermocouple', 100, 200, 2) ON CONFLICT (id) DO NOTHING;
INSERT INTO public.questionnaire_variantes (id, resultat_id, nom, prix_min, prix_max, display_order) VALUES ('b0000000-0000-0000-0000-000000000025', 'a0000000-0000-0000-0000-00000000000f', 'Remplacement complet', 500, 1000, 3) ON CONFLICT (id) DO NOTHING;
INSERT INTO public.questionnaire_variantes (id, resultat_id, nom, prix_min, prix_max, display_order) VALUES ('b0000000-0000-0000-0000-000000000026', 'a0000000-0000-0000-0000-000000000010', 'Collier + joint provisoire', 80, 120, 1) ON CONFLICT (id) DO NOTHING;
INSERT INTO public.questionnaire_variantes (id, resultat_id, nom, prix_min, prix_max, display_order) VALUES ('b0000000-0000-0000-0000-000000000027', 'a0000000-0000-0000-0000-000000000010', 'Remplacement section PER/PVC', 120, 200, 2) ON CONFLICT (id) DO NOTHING;
INSERT INTO public.questionnaire_variantes (id, resultat_id, nom, prix_min, prix_max, display_order) VALUES ('b0000000-0000-0000-0000-000000000028', 'a0000000-0000-0000-0000-000000000011', 'Recherche électronique seule', 150, 300, 1) ON CONFLICT (id) DO NOTHING;
INSERT INTO public.questionnaire_variantes (id, resultat_id, nom, prix_min, prix_max, display_order) VALUES ('b0000000-0000-0000-0000-000000000029', 'a0000000-0000-0000-0000-000000000011', 'Recherche + réparation', 500, 800, 2) ON CONFLICT (id) DO NOTHING;
INSERT INTO public.questionnaire_variantes (id, resultat_id, nom, prix_min, prix_max, display_order) VALUES ('b0000000-0000-0000-0000-00000000002a', 'a0000000-0000-0000-0000-000000000011', 'Réfection carrelage incluse', 700, 1000, 3) ON CONFLICT (id) DO NOTHING;
INSERT INTO public.questionnaire_variantes (id, resultat_id, nom, prix_min, prix_max, display_order) VALUES ('b0000000-0000-0000-0000-00000000002b', 'a0000000-0000-0000-0000-000000000012', 'Hydrocurage standard', 700, 800, 1) ON CONFLICT (id) DO NOTHING;
INSERT INTO public.questionnaire_variantes (id, resultat_id, nom, prix_min, prix_max, display_order) VALUES ('b0000000-0000-0000-0000-00000000002c', 'a0000000-0000-0000-0000-000000000012', 'Hydrocurage + inspection caméra', 800, 900, 2) ON CONFLICT (id) DO NOTHING;
INSERT INTO public.questionnaire_variantes (id, resultat_id, nom, prix_min, prix_max, display_order) VALUES ('b0000000-0000-0000-0000-00000000002d', 'a0000000-0000-0000-0000-000000000013', 'Diagnostic + réarmement', 80, 120, 1) ON CONFLICT (id) DO NOTHING;
INSERT INTO public.questionnaire_variantes (id, resultat_id, nom, prix_min, prix_max, display_order) VALUES ('b0000000-0000-0000-0000-00000000002e', 'a0000000-0000-0000-0000-000000000013', 'Remplacement différentiel 25A', 150, 220, 2) ON CONFLICT (id) DO NOTHING;
INSERT INTO public.questionnaire_variantes (id, resultat_id, nom, prix_min, prix_max, display_order) VALUES ('b0000000-0000-0000-0000-00000000002f', 'a0000000-0000-0000-0000-000000000013', 'Remplacement différentiel 40A+', 200, 300, 3) ON CONFLICT (id) DO NOTHING;
INSERT INTO public.questionnaire_variantes (id, resultat_id, nom, prix_min, prix_max, display_order) VALUES ('b0000000-0000-0000-0000-000000000030', 'a0000000-0000-0000-0000-000000000014', 'Studio / T1 (4–6 circuits)', 800, 1200, 1) ON CONFLICT (id) DO NOTHING;
INSERT INTO public.questionnaire_variantes (id, resultat_id, nom, prix_min, prix_max, display_order) VALUES ('b0000000-0000-0000-0000-000000000031', 'a0000000-0000-0000-0000-000000000014', 'T2/T3 (6–10 circuits)', 1200, 1800, 2) ON CONFLICT (id) DO NOTHING;
INSERT INTO public.questionnaire_variantes (id, resultat_id, nom, prix_min, prix_max, display_order) VALUES ('b0000000-0000-0000-0000-000000000032', 'a0000000-0000-0000-0000-000000000014', 'T4 / maison (10+ circuits)', 1800, 2500, 3) ON CONFLICT (id) DO NOTHING;
INSERT INTO public.questionnaire_variantes (id, resultat_id, nom, prix_min, prix_max, display_order) VALUES ('b0000000-0000-0000-0000-000000000033', 'a0000000-0000-0000-0000-000000000015', 'Diagnostic + réarmement', 80, 120, 1) ON CONFLICT (id) DO NOTHING;
INSERT INTO public.questionnaire_variantes (id, resultat_id, nom, prix_min, prix_max, display_order) VALUES ('b0000000-0000-0000-0000-000000000034', 'a0000000-0000-0000-0000-000000000015', 'Réparation fusible/disjoncteur', 150, 200, 2) ON CONFLICT (id) DO NOTHING;
INSERT INTO public.questionnaire_variantes (id, resultat_id, nom, prix_min, prix_max, display_order) VALUES ('b0000000-0000-0000-0000-000000000035', 'a0000000-0000-0000-0000-000000000015', 'Remplacement câble section', 200, 300, 3) ON CONFLICT (id) DO NOTHING;
INSERT INTO public.questionnaire_variantes (id, resultat_id, nom, prix_min, prix_max, display_order) VALUES ('b0000000-0000-0000-0000-000000000036', 'a0000000-0000-0000-0000-000000000016', 'Remplacement interrupteur', 80, 130, 1) ON CONFLICT (id) DO NOTHING;
INSERT INTO public.questionnaire_variantes (id, resultat_id, nom, prix_min, prix_max, display_order) VALUES ('b0000000-0000-0000-0000-000000000037', 'a0000000-0000-0000-0000-000000000016', 'Réparation circuit complet', 150, 250, 2) ON CONFLICT (id) DO NOTHING;
INSERT INTO public.questionnaire_variantes (id, resultat_id, nom, prix_min, prix_max, display_order) VALUES ('b0000000-0000-0000-0000-000000000038', 'a0000000-0000-0000-0000-000000000017', 'Prise simple 16A', 80, 100, 1) ON CONFLICT (id) DO NOTHING;
INSERT INTO public.questionnaire_variantes (id, resultat_id, nom, prix_min, prix_max, display_order) VALUES ('b0000000-0000-0000-0000-000000000039', 'a0000000-0000-0000-0000-000000000017', 'Prise 2P+T 20A', 100, 130, 2) ON CONFLICT (id) DO NOTHING;
INSERT INTO public.questionnaire_variantes (id, resultat_id, nom, prix_min, prix_max, display_order) VALUES ('b0000000-0000-0000-0000-00000000003a', 'a0000000-0000-0000-0000-000000000017', 'Interrupteur double', 100, 150, 3) ON CONFLICT (id) DO NOTHING;
INSERT INTO public.questionnaire_variantes (id, resultat_id, nom, prix_min, prix_max, display_order) VALUES ('b0000000-0000-0000-0000-00000000003b', 'a0000000-0000-0000-0000-000000000018', 'Pose lustre/plafonnier', 80, 130, 1) ON CONFLICT (id) DO NOTHING;
INSERT INTO public.questionnaire_variantes (id, resultat_id, nom, prix_min, prix_max, display_order) VALUES ('b0000000-0000-0000-0000-00000000003c', 'a0000000-0000-0000-0000-000000000018', 'Kit 3 spots encastrés', 150, 250, 2) ON CONFLICT (id) DO NOTHING;
INSERT INTO public.questionnaire_variantes (id, resultat_id, nom, prix_min, prix_max, display_order) VALUES ('b0000000-0000-0000-0000-00000000003d', 'a0000000-0000-0000-0000-000000000018', 'Kit 6 spots + variateur', 200, 300, 3) ON CONFLICT (id) DO NOTHING;
INSERT INTO public.questionnaire_variantes (id, resultat_id, nom, prix_min, prix_max, display_order) VALUES ('b0000000-0000-0000-0000-00000000003e', 'a0000000-0000-0000-0000-000000000019', 'Wallbox 7 kW (mono)', 800, 1200, 1) ON CONFLICT (id) DO NOTHING;
INSERT INTO public.questionnaire_variantes (id, resultat_id, nom, prix_min, prix_max, display_order) VALUES ('b0000000-0000-0000-0000-00000000003f', 'a0000000-0000-0000-0000-000000000019', 'Wallbox 11 kW (tri)', 1000, 1500, 2) ON CONFLICT (id) DO NOTHING;
INSERT INTO public.questionnaire_variantes (id, resultat_id, nom, prix_min, prix_max, display_order) VALUES ('b0000000-0000-0000-0000-000000000040', 'a0000000-0000-0000-0000-000000000019', 'Borne avec délestage', 1400, 2000, 3) ON CONFLICT (id) DO NOTHING;
INSERT INTO public.questionnaire_variantes (id, resultat_id, nom, prix_min, prix_max, display_order) VALUES ('b0000000-0000-0000-0000-000000000041', 'a0000000-0000-0000-0000-00000000001a', 'Appartement < 60 m²', 150, 200, 1) ON CONFLICT (id) DO NOTHING;
INSERT INTO public.questionnaire_variantes (id, resultat_id, nom, prix_min, prix_max, display_order) VALUES ('b0000000-0000-0000-0000-000000000042', 'a0000000-0000-0000-0000-00000000001a', 'Appartement 60–100 m²', 180, 250, 2) ON CONFLICT (id) DO NOTHING;
INSERT INTO public.questionnaire_variantes (id, resultat_id, nom, prix_min, prix_max, display_order) VALUES ('b0000000-0000-0000-0000-000000000043', 'a0000000-0000-0000-0000-00000000001a', 'Maison > 100 m²', 250, 300, 3) ON CONFLICT (id) DO NOTHING;
INSERT INTO public.questionnaire_variantes (id, resultat_id, nom, prix_min, prix_max, display_order) VALUES ('b0000000-0000-0000-0000-000000000044', 'a0000000-0000-0000-0000-00000000001b', 'Ouverture simple', 130, 150, 1) ON CONFLICT (id) DO NOTHING;
INSERT INTO public.questionnaire_variantes (id, resultat_id, nom, prix_min, prix_max, display_order) VALUES ('b0000000-0000-0000-0000-000000000045', 'a0000000-0000-0000-0000-00000000001c', 'Blindage standard', 150, 175, 1) ON CONFLICT (id) DO NOTHING;
INSERT INTO public.questionnaire_variantes (id, resultat_id, nom, prix_min, prix_max, display_order) VALUES ('b0000000-0000-0000-0000-000000000046', 'a0000000-0000-0000-0000-00000000001c', 'Blindage haute sécurité', 175, 200, 2) ON CONFLICT (id) DO NOTHING;
INSERT INTO public.questionnaire_variantes (id, resultat_id, nom, prix_min, prix_max, display_order) VALUES ('b0000000-0000-0000-0000-000000000047', 'a0000000-0000-0000-0000-00000000001d', 'Ouverture sans casse', 150, 180, 1) ON CONFLICT (id) DO NOTHING;
INSERT INTO public.questionnaire_variantes (id, resultat_id, nom, prix_min, prix_max, display_order) VALUES ('b0000000-0000-0000-0000-000000000048', 'a0000000-0000-0000-0000-00000000001d', 'Avec remplacement cylindre', 180, 220, 2) ON CONFLICT (id) DO NOTHING;
INSERT INTO public.questionnaire_variantes (id, resultat_id, nom, prix_min, prix_max, display_order) VALUES ('b0000000-0000-0000-0000-000000000049', 'a0000000-0000-0000-0000-00000000001e', '3 points', 200, 280, 1) ON CONFLICT (id) DO NOTHING;
INSERT INTO public.questionnaire_variantes (id, resultat_id, nom, prix_min, prix_max, display_order) VALUES ('b0000000-0000-0000-0000-00000000004a', 'a0000000-0000-0000-0000-00000000001e', '5 points A2P', 280, 350, 2) ON CONFLICT (id) DO NOTHING;
INSERT INTO public.questionnaire_variantes (id, resultat_id, nom, prix_min, prix_max, display_order) VALUES ('b0000000-0000-0000-0000-00000000004b', 'a0000000-0000-0000-0000-00000000001f', 'Ouverture + condamnation', 200, 300, 1) ON CONFLICT (id) DO NOTHING;
INSERT INTO public.questionnaire_variantes (id, resultat_id, nom, prix_min, prix_max, display_order) VALUES ('b0000000-0000-0000-0000-00000000004c', 'a0000000-0000-0000-0000-00000000001f', '+ Remplacement serrure urgence', 300, 400, 2) ON CONFLICT (id) DO NOTHING;
INSERT INTO public.questionnaire_variantes (id, resultat_id, nom, prix_min, prix_max, display_order) VALUES ('b0000000-0000-0000-0000-00000000004d', 'a0000000-0000-0000-0000-000000000020', 'Cylindre standard', 120, 150, 1) ON CONFLICT (id) DO NOTHING;
INSERT INTO public.questionnaire_variantes (id, resultat_id, nom, prix_min, prix_max, display_order) VALUES ('b0000000-0000-0000-0000-00000000004e', 'a0000000-0000-0000-0000-000000000020', 'Cylindre A2P 1★', 150, 180, 2) ON CONFLICT (id) DO NOTHING;
INSERT INTO public.questionnaire_variantes (id, resultat_id, nom, prix_min, prix_max, display_order) VALUES ('b0000000-0000-0000-0000-00000000004f', 'a0000000-0000-0000-0000-000000000020', 'Cylindre A2P 2★', 180, 200, 3) ON CONFLICT (id) DO NOTHING;
INSERT INTO public.questionnaire_variantes (id, resultat_id, nom, prix_min, prix_max, display_order) VALUES ('b0000000-0000-0000-0000-000000000050', 'a0000000-0000-0000-0000-000000000021', 'Entrée de gamme', 400, 500, 1) ON CONFLICT (id) DO NOTHING;
INSERT INTO public.questionnaire_variantes (id, resultat_id, nom, prix_min, prix_max, display_order) VALUES ('b0000000-0000-0000-0000-000000000051', 'a0000000-0000-0000-0000-000000000021', 'Avec cylindre A2P', 500, 600, 2) ON CONFLICT (id) DO NOTHING;
INSERT INTO public.questionnaire_variantes (id, resultat_id, nom, prix_min, prix_max, display_order) VALUES ('b0000000-0000-0000-0000-000000000052', 'a0000000-0000-0000-0000-000000000022', '5 pts A2P BP1', 600, 750, 1) ON CONFLICT (id) DO NOTHING;
INSERT INTO public.questionnaire_variantes (id, resultat_id, nom, prix_min, prix_max, display_order) VALUES ('b0000000-0000-0000-0000-000000000053', 'a0000000-0000-0000-0000-000000000022', '5 pts A2P BP2', 750, 900, 2) ON CONFLICT (id) DO NOTHING;
INSERT INTO public.questionnaire_variantes (id, resultat_id, nom, prix_min, prix_max, display_order) VALUES ('b0000000-0000-0000-0000-000000000054', 'a0000000-0000-0000-0000-000000000022', '5 pts A2P BP3', 900, 1000, 3) ON CONFLICT (id) DO NOTHING;
INSERT INTO public.questionnaire_variantes (id, resultat_id, nom, prix_min, prix_max, display_order) VALUES ('b0000000-0000-0000-0000-000000000055', 'a0000000-0000-0000-0000-000000000023', 'Blindage simple acier', 500, 700, 1) ON CONFLICT (id) DO NOTHING;
INSERT INTO public.questionnaire_variantes (id, resultat_id, nom, prix_min, prix_max, display_order) VALUES ('b0000000-0000-0000-0000-000000000056', 'a0000000-0000-0000-0000-000000000023', 'Blindage + pivot + 5pts', 700, 900, 2) ON CONFLICT (id) DO NOTHING;
INSERT INTO public.questionnaire_variantes (id, resultat_id, nom, prix_min, prix_max, display_order) VALUES ('b0000000-0000-0000-0000-000000000057', 'a0000000-0000-0000-0000-000000000024', 'A2P 1★ BP1', 1000, 1500, 1) ON CONFLICT (id) DO NOTHING;
INSERT INTO public.questionnaire_variantes (id, resultat_id, nom, prix_min, prix_max, display_order) VALUES ('b0000000-0000-0000-0000-000000000058', 'a0000000-0000-0000-0000-000000000024', 'A2P 2★ BP2', 1200, 1800, 2) ON CONFLICT (id) DO NOTHING;
INSERT INTO public.questionnaire_variantes (id, resultat_id, nom, prix_min, prix_max, display_order) VALUES ('b0000000-0000-0000-0000-000000000059', 'a0000000-0000-0000-0000-000000000024', 'A2P 3★ BP3', 1500, 3500, 3) ON CONFLICT (id) DO NOTHING;
INSERT INTO public.questionnaire_variantes (id, resultat_id, nom, prix_min, prix_max, display_order) VALUES ('b0000000-0000-0000-0000-00000000005a', 'a0000000-0000-0000-0000-000000000025', 'Serrure standard', 70, 100, 1) ON CONFLICT (id) DO NOTHING;
INSERT INTO public.questionnaire_variantes (id, resultat_id, nom, prix_min, prix_max, display_order) VALUES ('b0000000-0000-0000-0000-00000000005b', 'a0000000-0000-0000-0000-000000000025', 'Cylindre sécurisé', 100, 150, 2) ON CONFLICT (id) DO NOTHING;
INSERT INTO public.questionnaire_variantes (id, resultat_id, nom, prix_min, prix_max, display_order) VALUES ('b0000000-0000-0000-0000-00000000005c', 'a0000000-0000-0000-0000-000000000026', 'Serrure portail simple', 150, 200, 1) ON CONFLICT (id) DO NOTHING;
INSERT INTO public.questionnaire_variantes (id, resultat_id, nom, prix_min, prix_max, display_order) VALUES ('b0000000-0000-0000-0000-00000000005d', 'a0000000-0000-0000-0000-000000000026', 'Motorisation portail', 250, 350, 2) ON CONFLICT (id) DO NOTHING;
INSERT INTO public.questionnaire_variantes (id, resultat_id, nom, prix_min, prix_max, display_order) VALUES ('b0000000-0000-0000-0000-00000000005e', 'a0000000-0000-0000-0000-000000000027', 'Simple clair', 65, 100, 1) ON CONFLICT (id) DO NOTHING;
INSERT INTO public.questionnaire_variantes (id, resultat_id, nom, prix_min, prix_max, display_order) VALUES ('b0000000-0000-0000-0000-00000000005f', 'a0000000-0000-0000-0000-000000000027', 'Feuilleté sécurité', 150, 280, 2) ON CONFLICT (id) DO NOTHING;
INSERT INTO public.questionnaire_variantes (id, resultat_id, nom, prix_min, prix_max, display_order) VALUES ('b0000000-0000-0000-0000-000000000060', 'a0000000-0000-0000-0000-000000000027', 'Anti-effraction', 200, 350, 3) ON CONFLICT (id) DO NOTHING;
INSERT INTO public.questionnaire_variantes (id, resultat_id, nom, prix_min, prix_max, display_order) VALUES ('b0000000-0000-0000-0000-000000000061', 'a0000000-0000-0000-0000-000000000028', '60×90 cm', 350, 450, 1) ON CONFLICT (id) DO NOTHING;
INSERT INTO public.questionnaire_variantes (id, resultat_id, nom, prix_min, prix_max, display_order) VALUES ('b0000000-0000-0000-0000-000000000062', 'a0000000-0000-0000-0000-000000000028', '90×120 cm', 450, 550, 2) ON CONFLICT (id) DO NOTHING;
INSERT INTO public.questionnaire_variantes (id, resultat_id, nom, prix_min, prix_max, display_order) VALUES ('b0000000-0000-0000-0000-000000000063', 'a0000000-0000-0000-0000-000000000028', '120×140 cm', 500, 600, 3) ON CONFLICT (id) DO NOTHING;
INSERT INTO public.questionnaire_variantes (id, resultat_id, nom, prix_min, prix_max, display_order) VALUES ('b0000000-0000-0000-0000-000000000064', 'a0000000-0000-0000-0000-000000000029', 'Standard', 500, 650, 1) ON CONFLICT (id) DO NOTHING;
INSERT INTO public.questionnaire_variantes (id, resultat_id, nom, prix_min, prix_max, display_order) VALUES ('b0000000-0000-0000-0000-000000000065', 'a0000000-0000-0000-0000-000000000029', 'RPT haute performance', 650, 800, 2) ON CONFLICT (id) DO NOTHING;
INSERT INTO public.questionnaire_variantes (id, resultat_id, nom, prix_min, prix_max, display_order) VALUES ('b0000000-0000-0000-0000-000000000066', 'a0000000-0000-0000-0000-00000000002a', 'Bois pin', 500, 700, 1) ON CONFLICT (id) DO NOTHING;
INSERT INTO public.questionnaire_variantes (id, resultat_id, nom, prix_min, prix_max, display_order) VALUES ('b0000000-0000-0000-0000-000000000067', 'a0000000-0000-0000-0000-00000000002a', 'Bois chêne / exotique', 700, 900, 2) ON CONFLICT (id) DO NOTHING;
INSERT INTO public.questionnaire_variantes (id, resultat_id, nom, prix_min, prix_max, display_order) VALUES ('b0000000-0000-0000-0000-000000000068', 'a0000000-0000-0000-0000-00000000002b', 'Simple vitrage', 600, 800, 1) ON CONFLICT (id) DO NOTHING;
INSERT INTO public.questionnaire_variantes (id, resultat_id, nom, prix_min, prix_max, display_order) VALUES ('b0000000-0000-0000-0000-000000000069', 'a0000000-0000-0000-0000-00000000002b', 'Double vitrage', 800, 1000, 2) ON CONFLICT (id) DO NOTHING;
INSERT INTO public.questionnaire_variantes (id, resultat_id, nom, prix_min, prix_max, display_order) VALUES ('b0000000-0000-0000-0000-00000000006a', 'a0000000-0000-0000-0000-00000000002b', 'Triple vitrage', 1000, 1200, 3) ON CONFLICT (id) DO NOTHING;
INSERT INTO public.questionnaire_variantes (id, resultat_id, nom, prix_min, prix_max, display_order) VALUES ('b0000000-0000-0000-0000-00000000006b', 'a0000000-0000-0000-0000-00000000002c', 'Crémone standard', 80, 120, 1) ON CONFLICT (id) DO NOTHING;
INSERT INTO public.questionnaire_variantes (id, resultat_id, nom, prix_min, prix_max, display_order) VALUES ('b0000000-0000-0000-0000-00000000006c', 'a0000000-0000-0000-0000-00000000002c', 'Crémone multipoints', 120, 150, 2) ON CONFLICT (id) DO NOTHING;
INSERT INTO public.questionnaire_variantes (id, resultat_id, nom, prix_min, prix_max, display_order) VALUES ('b0000000-0000-0000-0000-00000000006d', 'a0000000-0000-0000-0000-00000000002d', 'Poignée standard', 60, 80, 1) ON CONFLICT (id) DO NOTHING;
INSERT INTO public.questionnaire_variantes (id, resultat_id, nom, prix_min, prix_max, display_order) VALUES ('b0000000-0000-0000-0000-00000000006e', 'a0000000-0000-0000-0000-00000000002d', 'Poignée avec clé', 80, 120, 2) ON CONFLICT (id) DO NOTHING;
INSERT INTO public.questionnaire_variantes (id, resultat_id, nom, prix_min, prix_max, display_order) VALUES ('b0000000-0000-0000-0000-00000000006f', 'a0000000-0000-0000-0000-00000000002e', 'Réglage charnières', 80, 100, 1) ON CONFLICT (id) DO NOTHING;
INSERT INTO public.questionnaire_variantes (id, resultat_id, nom, prix_min, prix_max, display_order) VALUES ('b0000000-0000-0000-0000-000000000070', 'a0000000-0000-0000-0000-00000000002e', 'Rabotage bois', 100, 150, 2) ON CONFLICT (id) DO NOTHING;
INSERT INTO public.questionnaire_variantes (id, resultat_id, nom, prix_min, prix_max, display_order) VALUES ('b0000000-0000-0000-0000-000000000071', 'a0000000-0000-0000-0000-00000000002f', 'Joints 1 fenêtre', 50, 80, 1) ON CONFLICT (id) DO NOTHING;
INSERT INTO public.questionnaire_variantes (id, resultat_id, nom, prix_min, prix_max, display_order) VALUES ('b0000000-0000-0000-0000-000000000072', 'a0000000-0000-0000-0000-00000000002f', 'Joints 3 fenêtres', 100, 150, 2) ON CONFLICT (id) DO NOTHING;
INSERT INTO public.questionnaire_variantes (id, resultat_id, nom, prix_min, prix_max, display_order) VALUES ('b0000000-0000-0000-0000-000000000073', 'a0000000-0000-0000-0000-000000000030', 'Douche (4 côtés)', 80, 120, 1) ON CONFLICT (id) DO NOTHING;
INSERT INTO public.questionnaire_variantes (id, resultat_id, nom, prix_min, prix_max, display_order) VALUES ('b0000000-0000-0000-0000-000000000074', 'a0000000-0000-0000-0000-000000000030', 'Baignoire complète', 100, 150, 2) ON CONFLICT (id) DO NOTHING;
INSERT INTO public.questionnaire_variantes (id, resultat_id, nom, prix_min, prix_max, display_order) VALUES ('b0000000-0000-0000-0000-000000000075', 'a0000000-0000-0000-0000-000000000031', 'Carte électronique', 200, 500, 1) ON CONFLICT (id) DO NOTHING;
INSERT INTO public.questionnaire_variantes (id, resultat_id, nom, prix_min, prix_max, display_order) VALUES ('b0000000-0000-0000-0000-000000000076', 'a0000000-0000-0000-0000-000000000031', 'Brûleur / vanne gaz', 150, 350, 2) ON CONFLICT (id) DO NOTHING;
INSERT INTO public.questionnaire_variantes (id, resultat_id, nom, prix_min, prix_max, display_order) VALUES ('b0000000-0000-0000-0000-000000000077', 'a0000000-0000-0000-0000-000000000031', 'Circulateur', 150, 300, 3) ON CONFLICT (id) DO NOTHING;
INSERT INTO public.questionnaire_variantes (id, resultat_id, nom, prix_min, prix_max, display_order) VALUES ('b0000000-0000-0000-0000-000000000078', 'a0000000-0000-0000-0000-000000000031', 'Sonde / thermocouple', 100, 250, 4) ON CONFLICT (id) DO NOTHING;
INSERT INTO public.questionnaire_variantes (id, resultat_id, nom, prix_min, prix_max, display_order) VALUES ('b0000000-0000-0000-0000-000000000079', 'a0000000-0000-0000-0000-000000000032', 'Chaudière murale', 150, 170, 1) ON CONFLICT (id) DO NOTHING;
INSERT INTO public.questionnaire_variantes (id, resultat_id, nom, prix_min, prix_max, display_order) VALUES ('b0000000-0000-0000-0000-00000000007a', 'a0000000-0000-0000-0000-000000000032', 'Chaudière à condensation', 160, 180, 2) ON CONFLICT (id) DO NOTHING;
INSERT INTO public.questionnaire_variantes (id, resultat_id, nom, prix_min, prix_max, display_order) VALUES ('b0000000-0000-0000-0000-00000000007b', 'a0000000-0000-0000-0000-000000000033', '24 kW', 2000, 2800, 1) ON CONFLICT (id) DO NOTHING;
INSERT INTO public.questionnaire_variantes (id, resultat_id, nom, prix_min, prix_max, display_order) VALUES ('b0000000-0000-0000-0000-00000000007c', 'a0000000-0000-0000-0000-000000000033', '30 kW', 2500, 3500, 2) ON CONFLICT (id) DO NOTHING;
INSERT INTO public.questionnaire_variantes (id, resultat_id, nom, prix_min, prix_max, display_order) VALUES ('b0000000-0000-0000-0000-00000000007d', 'a0000000-0000-0000-0000-000000000034', '24 kW', 2500, 3500, 1) ON CONFLICT (id) DO NOTHING;
INSERT INTO public.questionnaire_variantes (id, resultat_id, nom, prix_min, prix_max, display_order) VALUES ('b0000000-0000-0000-0000-00000000007e', 'a0000000-0000-0000-0000-000000000034', '30 kW', 3000, 4500, 2) ON CONFLICT (id) DO NOTHING;
INSERT INTO public.questionnaire_variantes (id, resultat_id, nom, prix_min, prix_max, display_order) VALUES ('b0000000-0000-0000-0000-00000000007f', 'a0000000-0000-0000-0000-000000000034', '+ régulation', 3500, 5000, 3) ON CONFLICT (id) DO NOTHING;
INSERT INTO public.questionnaire_variantes (id, resultat_id, nom, prix_min, prix_max, display_order) VALUES ('b0000000-0000-0000-0000-000000000080', 'a0000000-0000-0000-0000-000000000035', 'Purge 1 radiateur', 80, 120, 1) ON CONFLICT (id) DO NOTHING;
INSERT INTO public.questionnaire_variantes (id, resultat_id, nom, prix_min, prix_max, display_order) VALUES ('b0000000-0000-0000-0000-000000000081', 'a0000000-0000-0000-0000-000000000035', 'Purge circuit complet', 150, 300, 2) ON CONFLICT (id) DO NOTHING;
INSERT INTO public.questionnaire_variantes (id, resultat_id, nom, prix_min, prix_max, display_order) VALUES ('b0000000-0000-0000-0000-000000000082', 'a0000000-0000-0000-0000-000000000035', 'Désembouage complet', 300, 600, 3) ON CONFLICT (id) DO NOTHING;
INSERT INTO public.questionnaire_variantes (id, resultat_id, nom, prix_min, prix_max, display_order) VALUES ('b0000000-0000-0000-0000-000000000083', 'a0000000-0000-0000-0000-000000000036', 'Robinet standard', 100, 150, 1) ON CONFLICT (id) DO NOTHING;
INSERT INTO public.questionnaire_variantes (id, resultat_id, nom, prix_min, prix_max, display_order) VALUES ('b0000000-0000-0000-0000-000000000084', 'a0000000-0000-0000-0000-000000000036', 'Tête connectée', 150, 200, 2) ON CONFLICT (id) DO NOTHING;
INSERT INTO public.questionnaire_variantes (id, resultat_id, nom, prix_min, prix_max, display_order) VALUES ('b0000000-0000-0000-0000-000000000085', 'a0000000-0000-0000-0000-000000000037', 'Radiateur acier standard', 250, 350, 1) ON CONFLICT (id) DO NOTHING;
INSERT INTO public.questionnaire_variantes (id, resultat_id, nom, prix_min, prix_max, display_order) VALUES ('b0000000-0000-0000-0000-000000000086', 'a0000000-0000-0000-0000-000000000037', 'Radiateur fonte', 300, 400, 2) ON CONFLICT (id) DO NOTHING;
INSERT INTO public.questionnaire_variantes (id, resultat_id, nom, prix_min, prix_max, display_order) VALUES ('b0000000-0000-0000-0000-000000000087', 'a0000000-0000-0000-0000-000000000038', 'Entretien standard', 150, 180, 1) ON CONFLICT (id) DO NOTHING;
INSERT INTO public.questionnaire_variantes (id, resultat_id, nom, prix_min, prix_max, display_order) VALUES ('b0000000-0000-0000-0000-000000000088', 'a0000000-0000-0000-0000-000000000038', 'Entretien + ramonage', 180, 200, 2) ON CONFLICT (id) DO NOTHING;
INSERT INTO public.questionnaire_variantes (id, resultat_id, nom, prix_min, prix_max, display_order) VALUES ('b0000000-0000-0000-0000-000000000089', 'a0000000-0000-0000-0000-000000000039', 'Brûleur', 200, 400, 1) ON CONFLICT (id) DO NOTHING;
INSERT INTO public.questionnaire_variantes (id, resultat_id, nom, prix_min, prix_max, display_order) VALUES ('b0000000-0000-0000-0000-00000000008a', 'a0000000-0000-0000-0000-000000000039', 'Pompe à fioul', 200, 350, 2) ON CONFLICT (id) DO NOTHING;
INSERT INTO public.questionnaire_variantes (id, resultat_id, nom, prix_min, prix_max, display_order) VALUES ('b0000000-0000-0000-0000-00000000008b', 'a0000000-0000-0000-0000-000000000039', 'Carte électronique', 300, 600, 3) ON CONFLICT (id) DO NOTHING;
INSERT INTO public.questionnaire_variantes (id, resultat_id, nom, prix_min, prix_max, display_order) VALUES ('b0000000-0000-0000-0000-00000000008c', 'a0000000-0000-0000-0000-00000000003a', '2,5 kW — 25 m²', 1200, 1800, 1) ON CONFLICT (id) DO NOTHING;
INSERT INTO public.questionnaire_variantes (id, resultat_id, nom, prix_min, prix_max, display_order) VALUES ('b0000000-0000-0000-0000-00000000008d', 'a0000000-0000-0000-0000-00000000003a', '3,5 kW — 35 m²', 1400, 2000, 2) ON CONFLICT (id) DO NOTHING;
INSERT INTO public.questionnaire_variantes (id, resultat_id, nom, prix_min, prix_max, display_order) VALUES ('b0000000-0000-0000-0000-00000000008e', 'a0000000-0000-0000-0000-00000000003a', '5 kW — 50 m²', 1800, 2500, 3) ON CONFLICT (id) DO NOTHING;
INSERT INTO public.questionnaire_variantes (id, resultat_id, nom, prix_min, prix_max, display_order) VALUES ('b0000000-0000-0000-0000-00000000008f', 'a0000000-0000-0000-0000-00000000003b', '2×2,5 kW', 2000, 2800, 1) ON CONFLICT (id) DO NOTHING;
INSERT INTO public.questionnaire_variantes (id, resultat_id, nom, prix_min, prix_max, display_order) VALUES ('b0000000-0000-0000-0000-000000000090', 'a0000000-0000-0000-0000-00000000003b', '2×3,5 kW', 2500, 3500, 2) ON CONFLICT (id) DO NOTHING;
INSERT INTO public.questionnaire_variantes (id, resultat_id, nom, prix_min, prix_max, display_order) VALUES ('b0000000-0000-0000-0000-000000000091', 'a0000000-0000-0000-0000-00000000003c', 'Trisplit 3×2,5 kW', 2800, 4000, 1) ON CONFLICT (id) DO NOTHING;
INSERT INTO public.questionnaire_variantes (id, resultat_id, nom, prix_min, prix_max, display_order) VALUES ('b0000000-0000-0000-0000-000000000092', 'a0000000-0000-0000-0000-00000000003c', 'Quadrisplit', 3500, 5000, 2) ON CONFLICT (id) DO NOTHING;
INSERT INTO public.questionnaire_variantes (id, resultat_id, nom, prix_min, prix_max, display_order) VALUES ('b0000000-0000-0000-0000-000000000093', 'a0000000-0000-0000-0000-00000000003d', 'Monosplit (filtres + int.)', 150, 180, 1) ON CONFLICT (id) DO NOTHING;
INSERT INTO public.questionnaire_variantes (id, resultat_id, nom, prix_min, prix_max, display_order) VALUES ('b0000000-0000-0000-0000-000000000094', 'a0000000-0000-0000-0000-00000000003d', 'Monosplit complet + ext.', 170, 220, 2) ON CONFLICT (id) DO NOTHING;
INSERT INTO public.questionnaire_variantes (id, resultat_id, nom, prix_min, prix_max, display_order) VALUES ('b0000000-0000-0000-0000-000000000095', 'a0000000-0000-0000-0000-00000000003d', 'Bisplit', 200, 300, 3) ON CONFLICT (id) DO NOTHING;
INSERT INTO public.questionnaire_variantes (id, resultat_id, nom, prix_min, prix_max, display_order) VALUES ('b0000000-0000-0000-0000-000000000096', 'a0000000-0000-0000-0000-00000000003d', 'Trisplit', 280, 400, 4) ON CONFLICT (id) DO NOTHING;
INSERT INTO public.questionnaire_variantes (id, resultat_id, nom, prix_min, prix_max, display_order) VALUES ('b0000000-0000-0000-0000-000000000097', 'a0000000-0000-0000-0000-00000000003e', 'Recharge gaz R410A/R32', 200, 400, 1) ON CONFLICT (id) DO NOTHING;
INSERT INTO public.questionnaire_variantes (id, resultat_id, nom, prix_min, prix_max, display_order) VALUES ('b0000000-0000-0000-0000-000000000098', 'a0000000-0000-0000-0000-00000000003e', 'Compresseur HS', 300, 800, 2) ON CONFLICT (id) DO NOTHING;
INSERT INTO public.questionnaire_variantes (id, resultat_id, nom, prix_min, prix_max, display_order) VALUES ('b0000000-0000-0000-0000-000000000099', 'a0000000-0000-0000-0000-00000000003e', 'Carte électronique', 200, 500, 3) ON CONFLICT (id) DO NOTHING;
INSERT INTO public.questionnaire_variantes (id, resultat_id, nom, prix_min, prix_max, display_order) VALUES ('b0000000-0000-0000-0000-00000000009a', 'a0000000-0000-0000-0000-00000000003f', 'Nettoyage condensats', 150, 200, 1) ON CONFLICT (id) DO NOTHING;
INSERT INTO public.questionnaire_variantes (id, resultat_id, nom, prix_min, prix_max, display_order) VALUES ('b0000000-0000-0000-0000-00000000009b', 'a0000000-0000-0000-0000-00000000003f', 'Remplacement pompe relevage', 200, 300, 2) ON CONFLICT (id) DO NOTHING;
INSERT INTO public.questionnaire_variantes (id, resultat_id, nom, prix_min, prix_max, display_order) VALUES ('b0000000-0000-0000-0000-00000000009c', 'a0000000-0000-0000-0000-000000000040', 'Resserrage + vibrations', 150, 180, 1) ON CONFLICT (id) DO NOTHING;
INSERT INTO public.questionnaire_variantes (id, resultat_id, nom, prix_min, prix_max, display_order) VALUES ('b0000000-0000-0000-0000-00000000009d', 'a0000000-0000-0000-0000-000000000040', 'Remplacement ventilateur', 200, 300, 2) ON CONFLICT (id) DO NOTHING;
INSERT INTO public.questionnaire_variantes (id, resultat_id, nom, prix_min, prix_max, display_order) VALUES ('b0000000-0000-0000-0000-00000000009e', 'a0000000-0000-0000-0000-000000000041', 'Monosplit petite surface', 2500, 4000, 1) ON CONFLICT (id) DO NOTHING;
INSERT INTO public.questionnaire_variantes (id, resultat_id, nom, prix_min, prix_max, display_order) VALUES ('b0000000-0000-0000-0000-00000000009f', 'a0000000-0000-0000-0000-000000000041', 'Multisplit grande surface', 4000, 8000, 2) ON CONFLICT (id) DO NOTHING;
INSERT INTO public.questionnaire_variantes (id, resultat_id, nom, prix_min, prix_max, display_order) VALUES ('b0000000-0000-0000-0000-0000000000a0', 'a0000000-0000-0000-0000-000000000042', 'Sur radiateurs', 7000, 12000, 1) ON CONFLICT (id) DO NOTHING;
INSERT INTO public.questionnaire_variantes (id, resultat_id, nom, prix_min, prix_max, display_order) VALUES ('b0000000-0000-0000-0000-0000000000a1', 'a0000000-0000-0000-0000-000000000042', 'Sur plancher chauffant', 10000, 15000, 2) ON CONFLICT (id) DO NOTHING;
INSERT INTO public.questionnaire_variantes (id, resultat_id, nom, prix_min, prix_max, display_order) VALUES ('b0000000-0000-0000-0000-0000000000a2', 'a0000000-0000-0000-0000-000000000043', 'Entretien annuel PAC', 150, 250, 1) ON CONFLICT (id) DO NOTHING;
INSERT INTO public.questionnaire_variantes (id, resultat_id, nom, prix_min, prix_max, display_order) VALUES ('b0000000-0000-0000-0000-0000000000a3', 'a0000000-0000-0000-0000-000000000043', 'Dépannage panne', 200, 600, 2) ON CONFLICT (id) DO NOTHING;
INSERT INTO public.questionnaire_variantes (id, resultat_id, nom, prix_min, prix_max, display_order) VALUES ('b0000000-0000-0000-0000-0000000000a4', 'a0000000-0000-0000-0000-000000000043', 'Recharge fluide', 200, 500, 3) ON CONFLICT (id) DO NOTHING;

-- ──────────────────────────────────────────────
-- 12. QUESTIONNAIRE – QUESTIONS (35)
-- ──────────────────────────────────────────────
INSERT INTO public.questionnaire_questions (id, domaine_code, libelle, sous_libelle, est_racine, parent_reponse_id, display_order, type_champ) VALUES ('c0000000-0000-0000-0000-000000000001', 'plumbing', 'Où se situe votre problème ?', 'Indiquez la zone concernée dans votre logement', true, NULL, 1, 'radio') ON CONFLICT (id) DO NOTHING;
INSERT INTO public.questionnaire_questions (id, domaine_code, libelle, sous_libelle, est_racine, parent_reponse_id, display_order, type_champ) VALUES ('c0000000-0000-0000-0000-000000000002', 'plumbing', 'Dans quel domaine avez-vous besoin d''aide ?', NULL, false, 'd0000000-0000-0000-0000-000000000001', 2, 'radio') ON CONFLICT (id) DO NOTHING;
INSERT INTO public.questionnaire_questions (id, domaine_code, libelle, sous_libelle, est_racine, parent_reponse_id, display_order, type_champ) VALUES ('c0000000-0000-0000-0000-000000000003', 'plumbing', 'Quel type de WC souhaitez-vous ?', NULL, false, 'd0000000-0000-0000-0000-000000000005', 3, 'radio') ON CONFLICT (id) DO NOTHING;
INSERT INTO public.questionnaire_questions (id, domaine_code, libelle, sous_libelle, est_racine, parent_reponse_id, display_order, type_champ) VALUES ('c0000000-0000-0000-0000-000000000004', 'plumbing', 'Quel est le problème ?', NULL, false, 'd0000000-0000-0000-0000-000000000009', 4, 'radio') ON CONFLICT (id) DO NOTHING;
INSERT INTO public.questionnaire_questions (id, domaine_code, libelle, sous_libelle, est_racine, parent_reponse_id, display_order, type_champ) VALUES ('c0000000-0000-0000-0000-000000000005', 'plumbing', 'Quel est le problème ?', NULL, false, 'd0000000-0000-0000-0000-00000000000d', 5, 'radio') ON CONFLICT (id) DO NOTHING;
INSERT INTO public.questionnaire_questions (id, domaine_code, libelle, sous_libelle, est_racine, parent_reponse_id, display_order, type_champ) VALUES ('c0000000-0000-0000-0000-000000000006', 'plumbing', 'Quel est votre type de chauffe-eau ?', NULL, false, 'd0000000-0000-0000-0000-000000000010', 6, 'radio') ON CONFLICT (id) DO NOTHING;
INSERT INTO public.questionnaire_questions (id, domaine_code, libelle, sous_libelle, est_racine, parent_reponse_id, display_order, type_champ) VALUES ('c0000000-0000-0000-0000-000000000007', 'plumbing', 'Quel est le problème ?', NULL, false, 'd0000000-0000-0000-0000-000000000011', 7, 'radio') ON CONFLICT (id) DO NOTHING;
INSERT INTO public.questionnaire_questions (id, domaine_code, libelle, sous_libelle, est_racine, parent_reponse_id, display_order, type_champ) VALUES ('c0000000-0000-0000-0000-000000000008', 'plumbing', 'De quel type de fuite s''agit-il ?', NULL, false, 'd0000000-0000-0000-0000-000000000016', 8, 'radio') ON CONFLICT (id) DO NOTHING;
INSERT INTO public.questionnaire_questions (id, domaine_code, libelle, sous_libelle, est_racine, parent_reponse_id, display_order, type_champ) VALUES ('c0000000-0000-0000-0000-000000000009', 'electricity', 'Quel est le problème électrique ?', 'Décrivez la panne ou l''installation souhaitée', true, NULL, 9, 'radio') ON CONFLICT (id) DO NOTHING;
INSERT INTO public.questionnaire_questions (id, domaine_code, libelle, sous_libelle, est_racine, parent_reponse_id, display_order, type_champ) VALUES ('c0000000-0000-0000-0000-00000000000a', 'electricity', 'Que se passe-t-il exactement ?', NULL, false, 'd0000000-0000-0000-0000-00000000001a', 10, 'radio') ON CONFLICT (id) DO NOTHING;
INSERT INTO public.questionnaire_questions (id, domaine_code, libelle, sous_libelle, est_racine, parent_reponse_id, display_order, type_champ) VALUES ('c0000000-0000-0000-0000-00000000000b', 'electricity', 'Quelle est la situation ?', NULL, false, 'd0000000-0000-0000-0000-00000000001b', 11, 'radio') ON CONFLICT (id) DO NOTHING;
INSERT INTO public.questionnaire_questions (id, domaine_code, libelle, sous_libelle, est_racine, parent_reponse_id, display_order, type_champ) VALUES ('c0000000-0000-0000-0000-00000000000c', 'electricity', 'Que souhaitez-vous installer ?', NULL, false, 'd0000000-0000-0000-0000-000000000020', 12, 'radio') ON CONFLICT (id) DO NOTHING;
INSERT INTO public.questionnaire_questions (id, domaine_code, libelle, sous_libelle, est_racine, parent_reponse_id, display_order, type_champ) VALUES ('c0000000-0000-0000-0000-00000000000d', 'locksmith', 'Quel est votre besoin en serrurerie ?', 'Urgence ou sécurisation', true, NULL, 13, 'radio') ON CONFLICT (id) DO NOTHING;
INSERT INTO public.questionnaire_questions (id, domaine_code, libelle, sous_libelle, est_racine, parent_reponse_id, display_order, type_champ) VALUES ('c0000000-0000-0000-0000-00000000000e', 'locksmith', 'Décrivez votre porte', NULL, false, 'd0000000-0000-0000-0000-000000000025', 14, 'radio') ON CONFLICT (id) DO NOTHING;
INSERT INTO public.questionnaire_questions (id, domaine_code, libelle, sous_libelle, est_racine, parent_reponse_id, display_order, type_champ) VALUES ('c0000000-0000-0000-0000-00000000000f', 'locksmith', 'Quel type de porte ?', NULL, false, 'd0000000-0000-0000-0000-000000000026', 15, 'radio') ON CONFLICT (id) DO NOTHING;
INSERT INTO public.questionnaire_questions (id, domaine_code, libelle, sous_libelle, est_racine, parent_reponse_id, display_order, type_champ) VALUES ('c0000000-0000-0000-0000-000000000010', 'locksmith', 'Quel type de porte ?', NULL, false, 'd0000000-0000-0000-0000-000000000029', 16, 'radio') ON CONFLICT (id) DO NOTHING;
INSERT INTO public.questionnaire_questions (id, domaine_code, libelle, sous_libelle, est_racine, parent_reponse_id, display_order, type_champ) VALUES ('c0000000-0000-0000-0000-000000000011', 'locksmith', 'Que souhaitez-vous changer ?', NULL, false, 'd0000000-0000-0000-0000-00000000002d', 17, 'radio') ON CONFLICT (id) DO NOTHING;
INSERT INTO public.questionnaire_questions (id, domaine_code, libelle, sous_libelle, est_racine, parent_reponse_id, display_order, type_champ) VALUES ('c0000000-0000-0000-0000-000000000012', 'locksmith', 'Quel niveau de sécurité ?', NULL, false, 'd0000000-0000-0000-0000-00000000002f', 18, 'radio') ON CONFLICT (id) DO NOTHING;
INSERT INTO public.questionnaire_questions (id, domaine_code, libelle, sous_libelle, est_racine, parent_reponse_id, display_order, type_champ) VALUES ('c0000000-0000-0000-0000-000000000013', 'locksmith', 'Type de blindage souhaité ?', NULL, false, 'd0000000-0000-0000-0000-000000000032', 19, 'radio') ON CONFLICT (id) DO NOTHING;
INSERT INTO public.questionnaire_questions (id, domaine_code, libelle, sous_libelle, est_racine, parent_reponse_id, display_order, type_champ) VALUES ('c0000000-0000-0000-0000-000000000014', 'locksmith', 'Quel équipement ?', NULL, false, 'd0000000-0000-0000-0000-000000000035', 20, 'radio') ON CONFLICT (id) DO NOTHING;
INSERT INTO public.questionnaire_questions (id, domaine_code, libelle, sous_libelle, est_racine, parent_reponse_id, display_order, type_champ) VALUES ('c0000000-0000-0000-0000-000000000015', 'glazing', 'Quel est votre besoin en vitrerie ?', 'Bris, remplacement ou étanchéité', true, NULL, 21, 'radio') ON CONFLICT (id) DO NOTHING;
INSERT INTO public.questionnaire_questions (id, domaine_code, libelle, sous_libelle, est_racine, parent_reponse_id, display_order, type_champ) VALUES ('c0000000-0000-0000-0000-000000000016', 'glazing', 'Quel type de vitrage faut-il remplacer ?', NULL, false, 'd0000000-0000-0000-0000-000000000038', 22, 'radio') ON CONFLICT (id) DO NOTHING;
INSERT INTO public.questionnaire_questions (id, domaine_code, libelle, sous_libelle, est_racine, parent_reponse_id, display_order, type_champ) VALUES ('c0000000-0000-0000-0000-000000000017', 'glazing', 'Quel matériau de menuiserie ?', NULL, false, 'd0000000-0000-0000-0000-00000000003a', 23, 'radio') ON CONFLICT (id) DO NOTHING;
INSERT INTO public.questionnaire_questions (id, domaine_code, libelle, sous_libelle, est_racine, parent_reponse_id, display_order, type_champ) VALUES ('c0000000-0000-0000-0000-000000000018', 'glazing', 'Quel mécanisme est défaillant ?', NULL, false, 'd0000000-0000-0000-0000-00000000003f', 24, 'radio') ON CONFLICT (id) DO NOTHING;
INSERT INTO public.questionnaire_questions (id, domaine_code, libelle, sous_libelle, est_racine, parent_reponse_id, display_order, type_champ) VALUES ('c0000000-0000-0000-0000-000000000019', 'glazing', 'Où est le problème d''étanchéité ?', NULL, false, 'd0000000-0000-0000-0000-000000000043', 25, 'radio') ON CONFLICT (id) DO NOTHING;
INSERT INTO public.questionnaire_questions (id, domaine_code, libelle, sous_libelle, est_racine, parent_reponse_id, display_order, type_champ) VALUES ('c0000000-0000-0000-0000-00000000001a', 'heating', 'Quel est votre système de chauffage ?', 'Identifiez votre équipement', true, NULL, 26, 'radio') ON CONFLICT (id) DO NOTHING;
INSERT INTO public.questionnaire_questions (id, domaine_code, libelle, sous_libelle, est_racine, parent_reponse_id, display_order, type_champ) VALUES ('c0000000-0000-0000-0000-00000000001b', 'heating', 'Quel est le problème ?', NULL, false, 'd0000000-0000-0000-0000-000000000046', 27, 'radio') ON CONFLICT (id) DO NOTHING;
INSERT INTO public.questionnaire_questions (id, domaine_code, libelle, sous_libelle, est_racine, parent_reponse_id, display_order, type_champ) VALUES ('c0000000-0000-0000-0000-00000000001c', 'heating', 'Quel type de chaudière souhaitez-vous ?', NULL, false, 'd0000000-0000-0000-0000-000000000049', 28, 'radio') ON CONFLICT (id) DO NOTHING;
INSERT INTO public.questionnaire_questions (id, domaine_code, libelle, sous_libelle, est_racine, parent_reponse_id, display_order, type_champ) VALUES ('c0000000-0000-0000-0000-00000000001d', 'heating', 'Quel est le problème avec vos radiateurs ?', NULL, false, 'd0000000-0000-0000-0000-00000000004c', 29, 'radio') ON CONFLICT (id) DO NOTHING;
INSERT INTO public.questionnaire_questions (id, domaine_code, libelle, sous_libelle, est_racine, parent_reponse_id, display_order, type_champ) VALUES ('c0000000-0000-0000-0000-00000000001e', 'heating', 'Quel est le problème ?', NULL, false, 'd0000000-0000-0000-0000-000000000050', 30, 'radio') ON CONFLICT (id) DO NOTHING;
INSERT INTO public.questionnaire_questions (id, domaine_code, libelle, sous_libelle, est_racine, parent_reponse_id, display_order, type_champ) VALUES ('c0000000-0000-0000-0000-00000000001f', 'aircon', 'Quel est votre équipement ?', 'Climatisation ou pompe à chaleur', true, NULL, 31, 'radio') ON CONFLICT (id) DO NOTHING;
INSERT INTO public.questionnaire_questions (id, domaine_code, libelle, sous_libelle, est_racine, parent_reponse_id, display_order, type_champ) VALUES ('c0000000-0000-0000-0000-000000000020', 'aircon', 'Que souhaitez-vous ?', NULL, false, 'd0000000-0000-0000-0000-000000000053', 32, 'radio') ON CONFLICT (id) DO NOTHING;
INSERT INTO public.questionnaire_questions (id, domaine_code, libelle, sous_libelle, est_racine, parent_reponse_id, display_order, type_champ) VALUES ('c0000000-0000-0000-0000-000000000021', 'aircon', 'Combien de pièces à climatiser ?', NULL, false, 'd0000000-0000-0000-0000-000000000054', 33, 'radio') ON CONFLICT (id) DO NOTHING;
INSERT INTO public.questionnaire_questions (id, domaine_code, libelle, sous_libelle, est_racine, parent_reponse_id, display_order, type_champ) VALUES ('c0000000-0000-0000-0000-000000000022', 'aircon', 'Quel symptôme observez-vous ?', NULL, false, 'd0000000-0000-0000-0000-000000000059', 34, 'radio') ON CONFLICT (id) DO NOTHING;
INSERT INTO public.questionnaire_questions (id, domaine_code, libelle, sous_libelle, est_racine, parent_reponse_id, display_order, type_champ) VALUES ('c0000000-0000-0000-0000-000000000023', 'aircon', 'Quel type de PAC ?', NULL, false, 'd0000000-0000-0000-0000-00000000005d', 35, 'radio') ON CONFLICT (id) DO NOTHING;

-- ──────────────────────────────────────────────
-- 13. QUESTIONNAIRE – RÉPONSES (96)
-- ──────────────────────────────────────────────
INSERT INTO public.questionnaire_reponses (id, question_id, label, icone, next_question_id, resultat_id, display_order) VALUES ('d0000000-0000-0000-0000-000000000001', 'c0000000-0000-0000-0000-000000000001', 'WC', '🚽', NULL, NULL, 1) ON CONFLICT (id) DO NOTHING;
INSERT INTO public.questionnaire_reponses (id, question_id, label, icone, next_question_id, resultat_id, display_order) VALUES ('d0000000-0000-0000-0000-000000000002', 'c0000000-0000-0000-0000-000000000002', 'Engorgement / bouchon', '💩', NULL, 'a0000000-0000-0000-0000-000000000001', 1) ON CONFLICT (id) DO NOTHING;
INSERT INTO public.questionnaire_reponses (id, question_id, label, icone, next_question_id, resultat_id, display_order) VALUES ('d0000000-0000-0000-0000-000000000003', 'c0000000-0000-0000-0000-000000000002', 'Fuite au sol', '💧', NULL, 'a0000000-0000-0000-0000-000000000002', 2) ON CONFLICT (id) DO NOTHING;
INSERT INTO public.questionnaire_reponses (id, question_id, label, icone, next_question_id, resultat_id, display_order) VALUES ('d0000000-0000-0000-0000-000000000004', 'c0000000-0000-0000-0000-000000000002', 'Chasse défaillante', '🔄', NULL, 'a0000000-0000-0000-0000-000000000003', 3) ON CONFLICT (id) DO NOTHING;
INSERT INTO public.questionnaire_reponses (id, question_id, label, icone, next_question_id, resultat_id, display_order) VALUES ('d0000000-0000-0000-0000-000000000005', 'c0000000-0000-0000-0000-000000000002', 'Remplacement WC', '🔩', NULL, NULL, 4) ON CONFLICT (id) DO NOTHING;
INSERT INTO public.questionnaire_reponses (id, question_id, label, icone, next_question_id, resultat_id, display_order) VALUES ('d0000000-0000-0000-0000-000000000006', 'c0000000-0000-0000-0000-000000000003', 'WC standard à poser', '🚽', NULL, 'a0000000-0000-0000-0000-000000000004', 1) ON CONFLICT (id) DO NOTHING;
INSERT INTO public.questionnaire_reponses (id, question_id, label, icone, next_question_id, resultat_id, display_order) VALUES ('d0000000-0000-0000-0000-000000000007', 'c0000000-0000-0000-0000-000000000003', 'WC suspendu', '🪣', NULL, 'a0000000-0000-0000-0000-000000000005', 2) ON CONFLICT (id) DO NOTHING;
INSERT INTO public.questionnaire_reponses (id, question_id, label, icone, next_question_id, resultat_id, display_order) VALUES ('d0000000-0000-0000-0000-000000000008', 'c0000000-0000-0000-0000-000000000003', 'Sanibroyeur', '⚙️', NULL, 'a0000000-0000-0000-0000-000000000006', 3) ON CONFLICT (id) DO NOTHING;
INSERT INTO public.questionnaire_reponses (id, question_id, label, icone, next_question_id, resultat_id, display_order) VALUES ('d0000000-0000-0000-0000-000000000009', 'c0000000-0000-0000-0000-000000000001', 'Évier / lavabo', '🚿', NULL, NULL, 2) ON CONFLICT (id) DO NOTHING;
INSERT INTO public.questionnaire_reponses (id, question_id, label, icone, next_question_id, resultat_id, display_order) VALUES ('d0000000-0000-0000-0000-00000000000a', 'c0000000-0000-0000-0000-000000000004', 'Bouchon / eau stagnante', '🚫', NULL, 'a0000000-0000-0000-0000-000000000007', 1) ON CONFLICT (id) DO NOTHING;
INSERT INTO public.questionnaire_reponses (id, question_id, label, icone, next_question_id, resultat_id, display_order) VALUES ('d0000000-0000-0000-0000-00000000000b', 'c0000000-0000-0000-0000-000000000004', 'Fuite sous le meuble', '💧', NULL, 'a0000000-0000-0000-0000-000000000008', 2) ON CONFLICT (id) DO NOTHING;
INSERT INTO public.questionnaire_reponses (id, question_id, label, icone, next_question_id, resultat_id, display_order) VALUES ('d0000000-0000-0000-0000-00000000000c', 'c0000000-0000-0000-0000-000000000004', 'Robinet à changer', '🔧', NULL, 'a0000000-0000-0000-0000-000000000009', 3) ON CONFLICT (id) DO NOTHING;
INSERT INTO public.questionnaire_reponses (id, question_id, label, icone, next_question_id, resultat_id, display_order) VALUES ('d0000000-0000-0000-0000-00000000000d', 'c0000000-0000-0000-0000-000000000001', 'Douche / baignoire', '🛁', NULL, NULL, 3) ON CONFLICT (id) DO NOTHING;
INSERT INTO public.questionnaire_reponses (id, question_id, label, icone, next_question_id, resultat_id, display_order) VALUES ('d0000000-0000-0000-0000-00000000000e', 'c0000000-0000-0000-0000-000000000005', 'Évacuation bouchée', '🚫', NULL, 'a0000000-0000-0000-0000-00000000000a', 1) ON CONFLICT (id) DO NOTHING;
INSERT INTO public.questionnaire_reponses (id, question_id, label, icone, next_question_id, resultat_id, display_order) VALUES ('d0000000-0000-0000-0000-00000000000f', 'c0000000-0000-0000-0000-000000000005', 'Fuite robinet / mitigeur', '💧', NULL, 'a0000000-0000-0000-0000-00000000000b', 2) ON CONFLICT (id) DO NOTHING;
INSERT INTO public.questionnaire_reponses (id, question_id, label, icone, next_question_id, resultat_id, display_order) VALUES ('d0000000-0000-0000-0000-000000000010', 'c0000000-0000-0000-0000-000000000001', 'Chauffe-eau', '♨️', NULL, NULL, 4) ON CONFLICT (id) DO NOTHING;
INSERT INTO public.questionnaire_reponses (id, question_id, label, icone, next_question_id, resultat_id, display_order) VALUES ('d0000000-0000-0000-0000-000000000011', 'c0000000-0000-0000-0000-000000000006', 'Électrique', '⚡', NULL, NULL, 1) ON CONFLICT (id) DO NOTHING;
INSERT INTO public.questionnaire_reponses (id, question_id, label, icone, next_question_id, resultat_id, display_order) VALUES ('d0000000-0000-0000-0000-000000000012', 'c0000000-0000-0000-0000-000000000007', 'Fuite visible', '💧', NULL, 'a0000000-0000-0000-0000-00000000000c', 1) ON CONFLICT (id) DO NOTHING;
INSERT INTO public.questionnaire_reponses (id, question_id, label, icone, next_question_id, resultat_id, display_order) VALUES ('d0000000-0000-0000-0000-000000000013', 'c0000000-0000-0000-0000-000000000007', 'Plus d''eau chaude', '🌡️', NULL, 'a0000000-0000-0000-0000-00000000000d', 2) ON CONFLICT (id) DO NOTHING;
INSERT INTO public.questionnaire_reponses (id, question_id, label, icone, next_question_id, resultat_id, display_order) VALUES ('d0000000-0000-0000-0000-000000000014', 'c0000000-0000-0000-0000-000000000007', 'Remplacement complet', '🔄', NULL, 'a0000000-0000-0000-0000-00000000000e', 3) ON CONFLICT (id) DO NOTHING;
INSERT INTO public.questionnaire_reponses (id, question_id, label, icone, next_question_id, resultat_id, display_order) VALUES ('d0000000-0000-0000-0000-000000000015', 'c0000000-0000-0000-0000-000000000006', 'Gaz', '🔥', NULL, 'a0000000-0000-0000-0000-00000000000f', 2) ON CONFLICT (id) DO NOTHING;
INSERT INTO public.questionnaire_reponses (id, question_id, label, icone, next_question_id, resultat_id, display_order) VALUES ('d0000000-0000-0000-0000-000000000016', 'c0000000-0000-0000-0000-000000000001', 'Canalisation', '🔧', NULL, NULL, 5) ON CONFLICT (id) DO NOTHING;
INSERT INTO public.questionnaire_reponses (id, question_id, label, icone, next_question_id, resultat_id, display_order) VALUES ('d0000000-0000-0000-0000-000000000017', 'c0000000-0000-0000-0000-000000000008', 'Fuite visible / apparente', '💧', NULL, 'a0000000-0000-0000-0000-000000000010', 1) ON CONFLICT (id) DO NOTHING;
INSERT INTO public.questionnaire_reponses (id, question_id, label, icone, next_question_id, resultat_id, display_order) VALUES ('d0000000-0000-0000-0000-000000000018', 'c0000000-0000-0000-0000-000000000008', 'Fuite encastrée / mur', '🏗️', NULL, 'a0000000-0000-0000-0000-000000000011', 2) ON CONFLICT (id) DO NOTHING;
INSERT INTO public.questionnaire_reponses (id, question_id, label, icone, next_question_id, resultat_id, display_order) VALUES ('d0000000-0000-0000-0000-000000000019', 'c0000000-0000-0000-0000-000000000008', 'Colonne d''immeuble', '🏢', NULL, 'a0000000-0000-0000-0000-000000000012', 3) ON CONFLICT (id) DO NOTHING;
INSERT INTO public.questionnaire_reponses (id, question_id, label, icone, next_question_id, resultat_id, display_order) VALUES ('d0000000-0000-0000-0000-00000000001a', 'c0000000-0000-0000-0000-000000000009', 'Panne électrique', '🔌', NULL, NULL, 1) ON CONFLICT (id) DO NOTHING;
INSERT INTO public.questionnaire_reponses (id, question_id, label, icone, next_question_id, resultat_id, display_order) VALUES ('d0000000-0000-0000-0000-00000000001b', 'c0000000-0000-0000-0000-00000000000a', 'Disjoncteur qui saute', '⚡', NULL, NULL, 1) ON CONFLICT (id) DO NOTHING;
INSERT INTO public.questionnaire_reponses (id, question_id, label, icone, next_question_id, resultat_id, display_order) VALUES ('d0000000-0000-0000-0000-00000000001c', 'c0000000-0000-0000-0000-00000000000b', 'Disjoncteur différentiel seul', '🔘', NULL, 'a0000000-0000-0000-0000-000000000013', 1) ON CONFLICT (id) DO NOTHING;
INSERT INTO public.questionnaire_reponses (id, question_id, label, icone, next_question_id, resultat_id, display_order) VALUES ('d0000000-0000-0000-0000-00000000001d', 'c0000000-0000-0000-0000-00000000000b', 'Tableau complet obsolète', '🗃️', NULL, 'a0000000-0000-0000-0000-000000000014', 2) ON CONFLICT (id) DO NOTHING;
INSERT INTO public.questionnaire_reponses (id, question_id, label, icone, next_question_id, resultat_id, display_order) VALUES ('d0000000-0000-0000-0000-00000000001e', 'c0000000-0000-0000-0000-00000000000a', 'Prises / zone sans courant', '🔌', NULL, 'a0000000-0000-0000-0000-000000000015', 2) ON CONFLICT (id) DO NOTHING;
INSERT INTO public.questionnaire_reponses (id, question_id, label, icone, next_question_id, resultat_id, display_order) VALUES ('d0000000-0000-0000-0000-00000000001f', 'c0000000-0000-0000-0000-00000000000a', 'Plus de lumière', '💡', NULL, 'a0000000-0000-0000-0000-000000000016', 3) ON CONFLICT (id) DO NOTHING;
INSERT INTO public.questionnaire_reponses (id, question_id, label, icone, next_question_id, resultat_id, display_order) VALUES ('d0000000-0000-0000-0000-000000000020', 'c0000000-0000-0000-0000-000000000009', 'Installation / équipement', '🔧', NULL, NULL, 2) ON CONFLICT (id) DO NOTHING;
INSERT INTO public.questionnaire_reponses (id, question_id, label, icone, next_question_id, resultat_id, display_order) VALUES ('d0000000-0000-0000-0000-000000000021', 'c0000000-0000-0000-0000-00000000000c', 'Prise ou interrupteur', '🔌', NULL, 'a0000000-0000-0000-0000-000000000017', 1) ON CONFLICT (id) DO NOTHING;
INSERT INTO public.questionnaire_reponses (id, question_id, label, icone, next_question_id, resultat_id, display_order) VALUES ('d0000000-0000-0000-0000-000000000022', 'c0000000-0000-0000-0000-00000000000c', 'Point lumineux', '💡', NULL, 'a0000000-0000-0000-0000-000000000018', 2) ON CONFLICT (id) DO NOTHING;
INSERT INTO public.questionnaire_reponses (id, question_id, label, icone, next_question_id, resultat_id, display_order) VALUES ('d0000000-0000-0000-0000-000000000023', 'c0000000-0000-0000-0000-00000000000c', 'Borne recharge VE', '🚗', NULL, 'a0000000-0000-0000-0000-000000000019', 3) ON CONFLICT (id) DO NOTHING;
INSERT INTO public.questionnaire_reponses (id, question_id, label, icone, next_question_id, resultat_id, display_order) VALUES ('d0000000-0000-0000-0000-000000000024', 'c0000000-0000-0000-0000-00000000000c', 'Diagnostic installation', '📋', NULL, 'a0000000-0000-0000-0000-00000000001a', 4) ON CONFLICT (id) DO NOTHING;
INSERT INTO public.questionnaire_reponses (id, question_id, label, icone, next_question_id, resultat_id, display_order) VALUES ('d0000000-0000-0000-0000-000000000025', 'c0000000-0000-0000-0000-00000000000d', 'Je suis bloqué dehors', '🚪', NULL, NULL, 1) ON CONFLICT (id) DO NOTHING;
INSERT INTO public.questionnaire_reponses (id, question_id, label, icone, next_question_id, resultat_id, display_order) VALUES ('d0000000-0000-0000-0000-000000000026', 'c0000000-0000-0000-0000-00000000000e', 'Porte claquée (clé à l''intérieur)', '😰', NULL, NULL, 1) ON CONFLICT (id) DO NOTHING;
INSERT INTO public.questionnaire_reponses (id, question_id, label, icone, next_question_id, resultat_id, display_order) VALUES ('d0000000-0000-0000-0000-000000000027', 'c0000000-0000-0000-0000-00000000000f', 'Porte standard', '🚪', NULL, 'a0000000-0000-0000-0000-00000000001b', 1) ON CONFLICT (id) DO NOTHING;
INSERT INTO public.questionnaire_reponses (id, question_id, label, icone, next_question_id, resultat_id, display_order) VALUES ('d0000000-0000-0000-0000-000000000028', 'c0000000-0000-0000-0000-00000000000f', 'Porte blindée / 3 points', '🛡️', NULL, 'a0000000-0000-0000-0000-00000000001c', 2) ON CONFLICT (id) DO NOTHING;
INSERT INTO public.questionnaire_reponses (id, question_id, label, icone, next_question_id, resultat_id, display_order) VALUES ('d0000000-0000-0000-0000-000000000029', 'c0000000-0000-0000-0000-00000000000e', 'Porte verrouillée (clé perdue)', '🔐', NULL, NULL, 2) ON CONFLICT (id) DO NOTHING;
INSERT INTO public.questionnaire_reponses (id, question_id, label, icone, next_question_id, resultat_id, display_order) VALUES ('d0000000-0000-0000-0000-00000000002a', 'c0000000-0000-0000-0000-000000000010', 'Porte standard', '🚪', NULL, 'a0000000-0000-0000-0000-00000000001d', 1) ON CONFLICT (id) DO NOTHING;
INSERT INTO public.questionnaire_reponses (id, question_id, label, icone, next_question_id, resultat_id, display_order) VALUES ('d0000000-0000-0000-0000-00000000002b', 'c0000000-0000-0000-0000-000000000010', 'Porte blindée', '🛡️', NULL, 'a0000000-0000-0000-0000-00000000001e', 2) ON CONFLICT (id) DO NOTHING;
INSERT INTO public.questionnaire_reponses (id, question_id, label, icone, next_question_id, resultat_id, display_order) VALUES ('d0000000-0000-0000-0000-00000000002c', 'c0000000-0000-0000-0000-00000000000e', 'Suite à cambriolage', '🚨', NULL, 'a0000000-0000-0000-0000-00000000001f', 3) ON CONFLICT (id) DO NOTHING;
INSERT INTO public.questionnaire_reponses (id, question_id, label, icone, next_question_id, resultat_id, display_order) VALUES ('d0000000-0000-0000-0000-00000000002d', 'c0000000-0000-0000-0000-00000000000d', 'Changer / renforcer la serrure', '🔧', NULL, NULL, 2) ON CONFLICT (id) DO NOTHING;
INSERT INTO public.questionnaire_reponses (id, question_id, label, icone, next_question_id, resultat_id, display_order) VALUES ('d0000000-0000-0000-0000-00000000002e', 'c0000000-0000-0000-0000-000000000011', 'Cylindre seul', '🔩', NULL, 'a0000000-0000-0000-0000-000000000020', 1) ON CONFLICT (id) DO NOTHING;
INSERT INTO public.questionnaire_reponses (id, question_id, label, icone, next_question_id, resultat_id, display_order) VALUES ('d0000000-0000-0000-0000-00000000002f', 'c0000000-0000-0000-0000-000000000011', 'Serrure multipoints', '🔐', NULL, NULL, 2) ON CONFLICT (id) DO NOTHING;
INSERT INTO public.questionnaire_reponses (id, question_id, label, icone, next_question_id, resultat_id, display_order) VALUES ('d0000000-0000-0000-0000-000000000030', 'c0000000-0000-0000-0000-000000000012', 'Serrure 3 points standard', '🔒', NULL, 'a0000000-0000-0000-0000-000000000021', 1) ON CONFLICT (id) DO NOTHING;
INSERT INTO public.questionnaire_reponses (id, question_id, label, icone, next_question_id, resultat_id, display_order) VALUES ('d0000000-0000-0000-0000-000000000031', 'c0000000-0000-0000-0000-000000000012', 'Serrure 5 points A2P', '🛡️', NULL, 'a0000000-0000-0000-0000-000000000022', 2) ON CONFLICT (id) DO NOTHING;
INSERT INTO public.questionnaire_reponses (id, question_id, label, icone, next_question_id, resultat_id, display_order) VALUES ('d0000000-0000-0000-0000-000000000032', 'c0000000-0000-0000-0000-000000000011', 'Blindage de porte', '🛡️', NULL, NULL, 3) ON CONFLICT (id) DO NOTHING;
INSERT INTO public.questionnaire_reponses (id, question_id, label, icone, next_question_id, resultat_id, display_order) VALUES ('d0000000-0000-0000-0000-000000000033', 'c0000000-0000-0000-0000-000000000013', 'Blindage porte existante', '🔨', NULL, 'a0000000-0000-0000-0000-000000000023', 1) ON CONFLICT (id) DO NOTHING;
INSERT INTO public.questionnaire_reponses (id, question_id, label, icone, next_question_id, resultat_id, display_order) VALUES ('d0000000-0000-0000-0000-000000000034', 'c0000000-0000-0000-0000-000000000013', 'Porte blindée complète', '🚪', NULL, 'a0000000-0000-0000-0000-000000000024', 2) ON CONFLICT (id) DO NOTHING;
INSERT INTO public.questionnaire_reponses (id, question_id, label, icone, next_question_id, resultat_id, display_order) VALUES ('d0000000-0000-0000-0000-000000000035', 'c0000000-0000-0000-0000-00000000000d', 'Autre serrurerie', '🔩', NULL, NULL, 3) ON CONFLICT (id) DO NOTHING;
INSERT INTO public.questionnaire_reponses (id, question_id, label, icone, next_question_id, resultat_id, display_order) VALUES ('d0000000-0000-0000-0000-000000000036', 'c0000000-0000-0000-0000-000000000014', 'Boîte aux lettres', '📬', NULL, 'a0000000-0000-0000-0000-000000000025', 1) ON CONFLICT (id) DO NOTHING;
INSERT INTO public.questionnaire_reponses (id, question_id, label, icone, next_question_id, resultat_id, display_order) VALUES ('d0000000-0000-0000-0000-000000000037', 'c0000000-0000-0000-0000-000000000014', 'Portail / garage', '🏠', NULL, 'a0000000-0000-0000-0000-000000000026', 2) ON CONFLICT (id) DO NOTHING;
INSERT INTO public.questionnaire_reponses (id, question_id, label, icone, next_question_id, resultat_id, display_order) VALUES ('d0000000-0000-0000-0000-000000000038', 'c0000000-0000-0000-0000-000000000015', 'Vitre cassée / fissurée', '💥', NULL, NULL, 1) ON CONFLICT (id) DO NOTHING;
INSERT INTO public.questionnaire_reponses (id, question_id, label, icone, next_question_id, resultat_id, display_order) VALUES ('d0000000-0000-0000-0000-000000000039', 'c0000000-0000-0000-0000-000000000016', 'Vitrage simple (1 seule paroi)', '🪟', NULL, 'a0000000-0000-0000-0000-000000000027', 1) ON CONFLICT (id) DO NOTHING;
INSERT INTO public.questionnaire_reponses (id, question_id, label, icone, next_question_id, resultat_id, display_order) VALUES ('d0000000-0000-0000-0000-00000000003a', 'c0000000-0000-0000-0000-000000000016', 'Double vitrage (fenêtre)', '🏠', NULL, NULL, 2) ON CONFLICT (id) DO NOTHING;
INSERT INTO public.questionnaire_reponses (id, question_id, label, icone, next_question_id, resultat_id, display_order) VALUES ('d0000000-0000-0000-0000-00000000003b', 'c0000000-0000-0000-0000-000000000017', 'PVC', '🟦', NULL, 'a0000000-0000-0000-0000-000000000028', 1) ON CONFLICT (id) DO NOTHING;
INSERT INTO public.questionnaire_reponses (id, question_id, label, icone, next_question_id, resultat_id, display_order) VALUES ('d0000000-0000-0000-0000-00000000003c', 'c0000000-0000-0000-0000-000000000017', 'Aluminium', '⬜', NULL, 'a0000000-0000-0000-0000-000000000029', 2) ON CONFLICT (id) DO NOTHING;
INSERT INTO public.questionnaire_reponses (id, question_id, label, icone, next_question_id, resultat_id, display_order) VALUES ('d0000000-0000-0000-0000-00000000003d', 'c0000000-0000-0000-0000-000000000017', 'Bois', '🪵', NULL, 'a0000000-0000-0000-0000-00000000002a', 3) ON CONFLICT (id) DO NOTHING;
INSERT INTO public.questionnaire_reponses (id, question_id, label, icone, next_question_id, resultat_id, display_order) VALUES ('d0000000-0000-0000-0000-00000000003e', 'c0000000-0000-0000-0000-000000000016', 'Velux / fenêtre de toit', '🏔️', NULL, 'a0000000-0000-0000-0000-00000000002b', 3) ON CONFLICT (id) DO NOTHING;
INSERT INTO public.questionnaire_reponses (id, question_id, label, icone, next_question_id, resultat_id, display_order) VALUES ('d0000000-0000-0000-0000-00000000003f', 'c0000000-0000-0000-0000-000000000015', 'Mécanisme fenêtre défaillant', '🔧', NULL, NULL, 2) ON CONFLICT (id) DO NOTHING;
INSERT INTO public.questionnaire_reponses (id, question_id, label, icone, next_question_id, resultat_id, display_order) VALUES ('d0000000-0000-0000-0000-000000000040', 'c0000000-0000-0000-0000-000000000018', 'Crémone', '🔩', NULL, 'a0000000-0000-0000-0000-00000000002c', 1) ON CONFLICT (id) DO NOTHING;
INSERT INTO public.questionnaire_reponses (id, question_id, label, icone, next_question_id, resultat_id, display_order) VALUES ('d0000000-0000-0000-0000-000000000041', 'c0000000-0000-0000-0000-000000000018', 'Poignée cassée', '✋', NULL, 'a0000000-0000-0000-0000-00000000002d', 2) ON CONFLICT (id) DO NOTHING;
INSERT INTO public.questionnaire_reponses (id, question_id, label, icone, next_question_id, resultat_id, display_order) VALUES ('d0000000-0000-0000-0000-000000000042', 'c0000000-0000-0000-0000-000000000018', 'Fenêtre qui frotte / coince', '😤', NULL, 'a0000000-0000-0000-0000-00000000002e', 3) ON CONFLICT (id) DO NOTHING;
INSERT INTO public.questionnaire_reponses (id, question_id, label, icone, next_question_id, resultat_id, display_order) VALUES ('d0000000-0000-0000-0000-000000000043', 'c0000000-0000-0000-0000-000000000015', 'Problème d''étanchéité', '💧', NULL, NULL, 3) ON CONFLICT (id) DO NOTHING;
INSERT INTO public.questionnaire_reponses (id, question_id, label, icone, next_question_id, resultat_id, display_order) VALUES ('d0000000-0000-0000-0000-000000000044', 'c0000000-0000-0000-0000-000000000019', 'Joints fenêtre / porte-fenêtre', '🪟', NULL, 'a0000000-0000-0000-0000-00000000002f', 1) ON CONFLICT (id) DO NOTHING;
INSERT INTO public.questionnaire_reponses (id, question_id, label, icone, next_question_id, resultat_id, display_order) VALUES ('d0000000-0000-0000-0000-000000000045', 'c0000000-0000-0000-0000-000000000019', 'Joints douche / salle de bain', '🚿', NULL, 'a0000000-0000-0000-0000-000000000030', 2) ON CONFLICT (id) DO NOTHING;
INSERT INTO public.questionnaire_reponses (id, question_id, label, icone, next_question_id, resultat_id, display_order) VALUES ('d0000000-0000-0000-0000-000000000046', 'c0000000-0000-0000-0000-00000000001a', 'Chaudière gaz', '🔥', NULL, NULL, 1) ON CONFLICT (id) DO NOTHING;
INSERT INTO public.questionnaire_reponses (id, question_id, label, icone, next_question_id, resultat_id, display_order) VALUES ('d0000000-0000-0000-0000-000000000047', 'c0000000-0000-0000-0000-00000000001b', 'Plus de chauffage / eau chaude', '❄️', NULL, 'a0000000-0000-0000-0000-000000000031', 1) ON CONFLICT (id) DO NOTHING;
INSERT INTO public.questionnaire_reponses (id, question_id, label, icone, next_question_id, resultat_id, display_order) VALUES ('d0000000-0000-0000-0000-000000000048', 'c0000000-0000-0000-0000-00000000001b', 'Entretien annuel obligatoire', '📋', NULL, 'a0000000-0000-0000-0000-000000000032', 2) ON CONFLICT (id) DO NOTHING;
INSERT INTO public.questionnaire_reponses (id, question_id, label, icone, next_question_id, resultat_id, display_order) VALUES ('d0000000-0000-0000-0000-000000000049', 'c0000000-0000-0000-0000-00000000001b', 'Remplacement chaudière', '🔄', NULL, NULL, 3) ON CONFLICT (id) DO NOTHING;
INSERT INTO public.questionnaire_reponses (id, question_id, label, icone, next_question_id, resultat_id, display_order) VALUES ('d0000000-0000-0000-0000-00000000004a', 'c0000000-0000-0000-0000-00000000001c', 'Murale standard', '📦', NULL, 'a0000000-0000-0000-0000-000000000033', 1) ON CONFLICT (id) DO NOTHING;
INSERT INTO public.questionnaire_reponses (id, question_id, label, icone, next_question_id, resultat_id, display_order) VALUES ('d0000000-0000-0000-0000-00000000004b', 'c0000000-0000-0000-0000-00000000001c', 'Condensation (économique)', '💧', NULL, 'a0000000-0000-0000-0000-000000000034', 2) ON CONFLICT (id) DO NOTHING;
INSERT INTO public.questionnaire_reponses (id, question_id, label, icone, next_question_id, resultat_id, display_order) VALUES ('d0000000-0000-0000-0000-00000000004c', 'c0000000-0000-0000-0000-00000000001a', 'Radiateurs', '♨️', NULL, NULL, 2) ON CONFLICT (id) DO NOTHING;
INSERT INTO public.questionnaire_reponses (id, question_id, label, icone, next_question_id, resultat_id, display_order) VALUES ('d0000000-0000-0000-0000-00000000004d', 'c0000000-0000-0000-0000-00000000001d', 'Radiateur froid / peu chaud', '❄️', NULL, 'a0000000-0000-0000-0000-000000000035', 1) ON CONFLICT (id) DO NOTHING;
INSERT INTO public.questionnaire_reponses (id, question_id, label, icone, next_question_id, resultat_id, display_order) VALUES ('d0000000-0000-0000-0000-00000000004e', 'c0000000-0000-0000-0000-00000000001d', 'Robinet thermostatique HS', '🔧', NULL, 'a0000000-0000-0000-0000-000000000036', 2) ON CONFLICT (id) DO NOTHING;
INSERT INTO public.questionnaire_reponses (id, question_id, label, icone, next_question_id, resultat_id, display_order) VALUES ('d0000000-0000-0000-0000-00000000004f', 'c0000000-0000-0000-0000-00000000001d', 'Pose d''un nouveau radiateur', '➕', NULL, 'a0000000-0000-0000-0000-000000000037', 3) ON CONFLICT (id) DO NOTHING;
INSERT INTO public.questionnaire_reponses (id, question_id, label, icone, next_question_id, resultat_id, display_order) VALUES ('d0000000-0000-0000-0000-000000000050', 'c0000000-0000-0000-0000-00000000001a', 'Chaudière fioul', '🛢️', NULL, NULL, 3) ON CONFLICT (id) DO NOTHING;
INSERT INTO public.questionnaire_reponses (id, question_id, label, icone, next_question_id, resultat_id, display_order) VALUES ('d0000000-0000-0000-0000-000000000051', 'c0000000-0000-0000-0000-00000000001e', 'Entretien annuel', '📋', NULL, 'a0000000-0000-0000-0000-000000000038', 1) ON CONFLICT (id) DO NOTHING;
INSERT INTO public.questionnaire_reponses (id, question_id, label, icone, next_question_id, resultat_id, display_order) VALUES ('d0000000-0000-0000-0000-000000000052', 'c0000000-0000-0000-0000-00000000001e', 'Panne', '❌', NULL, 'a0000000-0000-0000-0000-000000000039', 2) ON CONFLICT (id) DO NOTHING;
INSERT INTO public.questionnaire_reponses (id, question_id, label, icone, next_question_id, resultat_id, display_order) VALUES ('d0000000-0000-0000-0000-000000000053', 'c0000000-0000-0000-0000-00000000001f', 'Climatisation', '❄️', NULL, NULL, 1) ON CONFLICT (id) DO NOTHING;
INSERT INTO public.questionnaire_reponses (id, question_id, label, icone, next_question_id, resultat_id, display_order) VALUES ('d0000000-0000-0000-0000-000000000054', 'c0000000-0000-0000-0000-000000000020', 'Installation nouvelle clim', '🔧', NULL, NULL, 1) ON CONFLICT (id) DO NOTHING;
INSERT INTO public.questionnaire_reponses (id, question_id, label, icone, next_question_id, resultat_id, display_order) VALUES ('d0000000-0000-0000-0000-000000000055', 'c0000000-0000-0000-0000-000000000021', '1 pièce (monosplit)', '1️⃣', NULL, 'a0000000-0000-0000-0000-00000000003a', 1) ON CONFLICT (id) DO NOTHING;
INSERT INTO public.questionnaire_reponses (id, question_id, label, icone, next_question_id, resultat_id, display_order) VALUES ('d0000000-0000-0000-0000-000000000056', 'c0000000-0000-0000-0000-000000000021', '2 pièces (bisplit)', '2️⃣', NULL, 'a0000000-0000-0000-0000-00000000003b', 2) ON CONFLICT (id) DO NOTHING;
INSERT INTO public.questionnaire_reponses (id, question_id, label, icone, next_question_id, resultat_id, display_order) VALUES ('d0000000-0000-0000-0000-000000000057', 'c0000000-0000-0000-0000-000000000021', '3 pièces et plus', '3️⃣', NULL, 'a0000000-0000-0000-0000-00000000003c', 3) ON CONFLICT (id) DO NOTHING;
INSERT INTO public.questionnaire_reponses (id, question_id, label, icone, next_question_id, resultat_id, display_order) VALUES ('d0000000-0000-0000-0000-000000000058', 'c0000000-0000-0000-0000-000000000020', 'Entretien / maintenance', '🧹', NULL, 'a0000000-0000-0000-0000-00000000003d', 2) ON CONFLICT (id) DO NOTHING;
INSERT INTO public.questionnaire_reponses (id, question_id, label, icone, next_question_id, resultat_id, display_order) VALUES ('d0000000-0000-0000-0000-000000000059', 'c0000000-0000-0000-0000-000000000020', 'Panne / dépannage', '🚨', NULL, NULL, 3) ON CONFLICT (id) DO NOTHING;
INSERT INTO public.questionnaire_reponses (id, question_id, label, icone, next_question_id, resultat_id, display_order) VALUES ('d0000000-0000-0000-0000-00000000005a', 'c0000000-0000-0000-0000-000000000022', 'Ne refroidit / ne chauffe plus', '🌡️', NULL, 'a0000000-0000-0000-0000-00000000003e', 1) ON CONFLICT (id) DO NOTHING;
INSERT INTO public.questionnaire_reponses (id, question_id, label, icone, next_question_id, resultat_id, display_order) VALUES ('d0000000-0000-0000-0000-00000000005b', 'c0000000-0000-0000-0000-000000000022', 'Fuite d''eau unité intérieure', '💧', NULL, 'a0000000-0000-0000-0000-00000000003f', 2) ON CONFLICT (id) DO NOTHING;
INSERT INTO public.questionnaire_reponses (id, question_id, label, icone, next_question_id, resultat_id, display_order) VALUES ('d0000000-0000-0000-0000-00000000005c', 'c0000000-0000-0000-0000-000000000022', 'Bruit anormal', '📢', NULL, 'a0000000-0000-0000-0000-000000000040', 3) ON CONFLICT (id) DO NOTHING;
INSERT INTO public.questionnaire_reponses (id, question_id, label, icone, next_question_id, resultat_id, display_order) VALUES ('d0000000-0000-0000-0000-00000000005d', 'c0000000-0000-0000-0000-00000000001f', 'Pompe à chaleur (PAC)', '🌡️', NULL, NULL, 2) ON CONFLICT (id) DO NOTHING;
INSERT INTO public.questionnaire_reponses (id, question_id, label, icone, next_question_id, resultat_id, display_order) VALUES ('d0000000-0000-0000-0000-00000000005e', 'c0000000-0000-0000-0000-000000000023', 'PAC air/air (soufflage)', '💨', NULL, 'a0000000-0000-0000-0000-000000000041', 1) ON CONFLICT (id) DO NOTHING;
INSERT INTO public.questionnaire_reponses (id, question_id, label, icone, next_question_id, resultat_id, display_order) VALUES ('d0000000-0000-0000-0000-00000000005f', 'c0000000-0000-0000-0000-000000000023', 'PAC air/eau (radiateurs)', '♨️', NULL, 'a0000000-0000-0000-0000-000000000042', 2) ON CONFLICT (id) DO NOTHING;
INSERT INTO public.questionnaire_reponses (id, question_id, label, icone, next_question_id, resultat_id, display_order) VALUES ('d0000000-0000-0000-0000-000000000060', 'c0000000-0000-0000-0000-000000000023', 'Entretien / dépannage PAC', '🔧', NULL, 'a0000000-0000-0000-0000-000000000043', 3) ON CONFLICT (id) DO NOTHING;

